date, Time, Sec since start, Connected, Data changed, BaroSensor.Altitude, BaroSensor.Pressure, BaroSensor.Temperature
2013-12-08, 21:26:53.773, 41.989, 1, 1, 142.9258728, 99.62000275, 13.25
2013-12-08, 21:26:54.237, 42.453, 1, 1, 141.4911194, 99.63700104, 13.92999935
2013-12-08, 21:26:55.247, 43.463, 1, 1, 140.9838104, 99.64300537, 14.27999973
2013-12-08, 21:26:56.251, 44.467, 1, 1, 141.1529083, 99.64100647, 14.42999935
2013-12-08, 21:26:57.247, 45.463, 1, 1, 141.2374725, 99.64000702, 14.54999924
2013-12-08, 21:26:58.249, 46.465, 1, 1, 141.2374725, 99.64000702, 14.67000008
2013-12-08, 21:26:59.249, 47.465, 1, 1, 141.4065704, 99.63800812, 14.78999996
2013-12-08, 21:27:00.253, 48.469, 1, 1, 141.8293304, 99.63300323, 14.90999985
2013-12-08, 21:27:01.249, 49.465, 1, 1, 141.8293304, 99.63300323, 15.03999996
2013-12-08, 21:27:02.263, 50.479, 1, 1, 141.5756836, 99.63600159, 15.15999985
2013-12-08, 21:27:03.259, 51.475, 1, 1, 141.9984436, 99.63100433, 15.28999996
2013-12-08, 21:27:04.259, 52.475, 1, 1, 141.9138947, 99.63200378, 15.40999985
2013-12-08, 21:27:05.291, 53.507, 1, 1, 141.8293304, 99.63300323, 15.52999973
2013-12-08, 21:27:06.287, 54.503, 1, 1, 142.0803528, 99.63000488, 15.64999962
2013-12-08, 21:27:07.286, 55.502, 1, 1, 142.3340149, 99.62700653, 15.77999973
2013-12-08, 21:27:08.284, 56.5, 1, 1, 142.3340149, 99.62700653, 15.89999962
2013-12-08, 21:27:09.286, 57.502, 1, 1, 142.5876617, 99.62400818, 16.02999878
2013-12-08, 21:27:10.280, 58.496, 1, 1, 142.7567749, 99.62200165, 16.14999962
2013-12-08, 21:27:11.289, 59.505, 1, 1, 142.5031128, 99.62500763, 16.27000046
2013-12-08, 21:27:12.288, 60.504, 1, 1, 142.7567749, 99.62200165, 16.37999916
2013-12-08, 21:27:13.285, 61.501, 1, 1, 142.8413239, 99.6210022, 16.51000023
2013-12-08, 21:27:14.287, 62.503, 1, 1, 143.010437, 99.6190033, 16.62999916
2013-12-08, 21:27:15.287, 63.503, 1, 1, 143.094986, 99.61800385, 16.73999977
2013-12-08, 21:27:16.274, 64.49, 1, 1, 143.1795349, 99.61700439, 16.85000038
2013-12-08, 21:27:17.278, 65.494, 1, 1, 143.2640839, 99.61600494, 16.96999931
2013-12-08, 21:27:18.237, 66.453, 1, 1, 143.2640839, 99.61600494, 17.07999992
2013-12-08, 21:27:19.280, 67.496, 1, 1, 143.3486481, 99.61500549, 17.19999886
2013-12-08, 21:27:20.238, 68.454, 1, 1, 143.3486481, 99.61500549, 17.29999924
2013-12-08, 21:27:21.288, 69.504, 1, 1, 143.517746, 99.61300659, 17.42000008
2013-12-08, 21:27:22.276, 70.492, 1, 1, 143.517746, 99.61300659, 17.52999878
2013-12-08, 21:27:23.233, 71.449, 1, 1, 143.517746, 99.61300659, 17.63999939
2013-12-08, 21:27:24.248, 72.464, 1, 1, 143.5996552, 99.61200714, 17.73999977
2013-12-08, 21:27:25.280, 73.496, 1, 1, 143.7687683, 99.61000824, 17.85000038
2013-12-08, 21:27:26.237, 74.453, 1, 1, 143.8533173, 99.60900116, 17.94999886
2013-12-08, 21:27:27.258, 75.474, 1, 1, 143.7687683, 99.61000824, 18.04999924
2013-12-08, 21:27:28.235, 76.451, 1, 1, 144.1069794, 99.60600281, 18.14999962
2013-12-08, 21:27:29.276, 77.492, 1, 1, 144.1069794, 99.60600281, 18.26000023
2013-12-08, 21:27:30.277, 78.493, 1, 1, 144.2760773, 99.60400391, 18.3599987
2013-12-08, 21:27:31.281, 79.497, 1, 1, 144.1915283, 99.60500336, 18.46999931
2013-12-08, 21:27:32.226, 80.442, 1, 1, 144.3606415, 99.60300446, 18.56999969
2013-12-08, 21:27:33.276, 81.492, 1, 1, 144.3606415, 99.60300446, 18.67000008
2013-12-08, 21:27:34.278, 82.494, 1, 1, 144.4451904, 99.602005, 18.76000023
2013-12-08, 21:27:35.266, 83.482, 1, 1, 144.5297394, 99.60100555, 18.86999893
2013-12-08, 21:27:36.226, 84.442, 1, 1, 144.6142883, 99.6000061, 18.95999908
2013-12-08, 21:27:37.269, 85.485, 1, 1, 144.7834015, 99.5980072, 19.05999947
2013-12-08, 21:27:38.267, 86.483, 1, 1, 144.6142883, 99.6000061, 19.15999985
2013-12-08, 21:27:39.277, 87.493, 1, 1, 144.6142883, 99.6000061, 19.25
2013-12-08, 21:27:40.235, 88.451, 1, 1, 144.7834015, 99.5980072, 19.34000015
2013-12-08, 21:27:41.266, 89.482, 1, 1, 144.9498596, 99.5960083, 19.43000031
2013-12-08, 21:27:42.268, 90.484, 1, 1, 144.8679504, 99.59700775, 19.52999878
2013-12-08, 21:27:43.269, 91.485, 1, 1, 145.0370636, 99.59500122, 19.61999893
2013-12-08, 21:27:44.226, 92.442, 1, 1, 144.9498596, 99.5960083, 19.71999931
2013-12-08, 21:27:45.225, 93.441, 1, 1, 144.9498596, 99.5960083, 19.80999947
2013-12-08, 21:27:46.235, 94.451, 1, 1, 144.8679504, 99.59700775, 19.89999962
2013-12-08, 21:27:47.220, 95.436, 1, 1, 145.1216125, 99.59400177, 19.97999954
2013-12-08, 21:27:48.231, 96.447, 1, 1, 144.8679504, 99.59700775, 20.07999992
2013-12-08, 21:27:49.228, 97.444, 1, 1, 145.2880707, 99.59200287, 20.18000031
2013-12-08, 21:27:50.227, 98.443, 1, 1, 145.1216125, 99.59400177, 20.27000046
2013-12-08, 21:27:51.226, 99.442, 1, 1, 145.2880707, 99.59200287, 20.3599987
2013-12-08, 21:27:52.234, 100.45, 1, 1, 145.2880707, 99.59200287, 20.44999886
2013-12-08, 21:27:53.226, 101.442, 1, 1, 145.4571838, 99.59000397, 20.52999878
2013-12-08, 21:27:54.226, 102.442, 1, 1, 145.4571838, 99.59000397, 20.61999893
2013-12-08, 21:27:55.242, 103.458, 1, 1, 145.5417328, 99.58900452, 20.69999886
2013-12-08, 21:27:56.200, 104.416, 1, 1, 145.4571838, 99.59000397, 20.78999901
2013-12-08, 21:27:57.259, 105.475, 1, 1, 145.6262817, 99.58800507, 20.87999916
2013-12-08, 21:27:58.296, 106.512, 1, 1, 145.4571838, 99.59000397, 20.96999931
2013-12-08, 21:27:59.257, 107.473, 1, 1, 145.7953949, 99.58600616, 21.04999924
2013-12-08, 21:28:00.223, 108.439, 1, 1, 145.7108307, 99.58700562, 21.12999916
2013-12-08, 21:28:01.259, 109.475, 1, 1, 145.7108307, 99.58700562, 21.22999954
2013-12-08, 21:28:02.249, 110.465, 1, 1, 145.7108307, 99.58700562, 21.30999947
2013-12-08, 21:28:03.251, 111.467, 1, 1, 145.8799438, 99.58500671, 21.38999939
2013-12-08, 21:28:04.202, 112.418, 1, 1, 145.7953949, 99.58600616, 21.47999954
2013-12-08, 21:28:05.251, 113.467, 1, 1, 145.7953949, 99.58600616, 21.55999947
2013-12-08, 21:28:06.257, 114.473, 1, 1, 145.7953949, 99.58600616, 21.63999939
2013-12-08, 21:28:07.253, 115.469, 1, 1, 145.9644928, 99.58400726, 21.72999954
2013-12-08, 21:28:08.197, 116.413, 1, 1, 145.7953949, 99.58600616, 21.80999947
2013-12-08, 21:28:09.257, 117.473, 1, 1, 146.0490417, 99.58300781, 21.88999939
2013-12-08, 21:28:10.247, 118.463, 1, 1, 146.133606, 99.58200836, 21.95999908
2013-12-08, 21:28:11.188, 119.404, 1, 1, 145.9644928, 99.58400726, 22.04999924
2013-12-08, 21:28:12.186, 120.402, 1, 1, 145.9644928, 99.58400726, 22.12999916
2013-12-08, 21:28:13.182, 121.398, 1, 1, 145.9644928, 99.58400726, 22.19999886
2013-12-08, 21:28:14.184, 122.4, 1, 1, 145.9644928, 99.58400726, 22.27999878
2013-12-08, 21:28:15.186, 123.402, 1, 1, 146.133606, 99.58200836, 22.3599987
2013-12-08, 21:28:16.188, 124.404, 1, 1, 146.2181549, 99.58100128, 22.43999863
2013-12-08, 21:28:17.187, 125.403, 1, 1, 146.0490417, 99.58300781, 22.51000023
2013-12-08, 21:28:18.189, 126.405, 1, 1, 146.133606, 99.58200836, 22.59000015
2013-12-08, 21:28:19.198, 127.414, 1, 1, 146.0490417, 99.58300781, 22.65999985
2013-12-08, 21:28:20.201, 128.417, 1, 1, 146.3027039, 99.58000183, 22.73999977
2013-12-08, 21:28:21.226, 129.442, 1, 1, 146.2181549, 99.58100128, 22.80999947
2013-12-08, 21:28:22.198, 130.414, 1, 1, 146.0490417, 99.58300781, 22.88999939
2013-12-08, 21:28:23.210, 131.426, 1, 1, 146.133606, 99.58200836, 22.95999908
2013-12-08, 21:28:24.227, 132.443, 1, 1, 146.3872528, 99.57900238, 23.03999901
2013-12-08, 21:28:25.236, 133.452, 1, 1, 146.133606, 99.58200836, 23.1099987
2013-12-08, 21:28:26.237, 134.453, 1, 1, 146.471817, 99.57800293, 23.18999863
2013-12-08, 21:28:27.242, 135.458, 1, 1, 146.2181549, 99.58100128, 23.26000023
2013-12-08, 21:28:28.238, 136.454, 1, 1, 146.3027039, 99.58000183, 23.32999992
2013-12-08, 21:28:29.231, 137.447, 1, 1, 146.3027039, 99.58000183, 23.40999985
2013-12-08, 21:28:30.239, 138.455, 1, 1, 146.2181549, 99.58100128, 23.47999954
2013-12-08, 21:28:31.234, 139.45, 1, 1, 146.3872528, 99.57900238, 23.54999924
2013-12-08, 21:28:32.228, 140.444, 1, 1, 146.471817, 99.57800293, 23.62999916
2013-12-08, 21:28:33.237, 141.453, 1, 1, 146.3027039, 99.58000183, 23.68000031
2013-12-08, 21:28:34.238, 142.454, 1, 1, 146.471817, 99.57800293, 23.76000023
2013-12-08, 21:28:35.226, 143.442, 1, 1, 146.6409149, 99.57600403, 23.81999969
2013-12-08, 21:28:36.226, 144.442, 1, 1, 146.6409149, 99.57600403, 23.89999962
2013-12-08, 21:28:37.231, 145.447, 1, 1, 146.6409149, 99.57600403, 23.96999931
2013-12-08, 21:28:38.228, 146.444, 1, 1, 146.556366, 99.57700348, 24.03999901
2013-12-08, 21:28:39.229, 147.445, 1, 1, 146.7254639, 99.57500458, 24.11999893
2013-12-08, 21:28:40.204, 148.42, 1, 1, 146.7254639, 99.57500458, 24.18000031
2013-12-08, 21:28:41.226, 149.442, 1, 1, 146.6409149, 99.57600403, 24.25
2013-12-08, 21:28:42.226, 150.442, 1, 1, 146.7254639, 99.57500458, 24.30999947
2013-12-08, 21:28:43.239, 151.455, 1, 1, 146.556366, 99.57700348, 24.37999916
2013-12-08, 21:28:44.226, 152.442, 1, 1, 146.7254639, 99.57500458, 24.43999863
2013-12-08, 21:28:45.237, 153.453, 1, 1, 146.8100281, 99.57400513, 24.51999855
2013-12-08, 21:28:46.235, 154.451, 1, 1, 146.6409149, 99.57600403, 24.59000015
2013-12-08, 21:28:48.197, 156.413, 1, 1, 146.8100281, 99.57400513, 24.70999908
2013-12-08, 21:28:49.230, 157.446, 1, 1, 146.894577, 99.57300568, 24.77999878
2013-12-08, 21:28:50.155, 158.371, 1, 1, 146.7254639, 99.57500458, 24.84000015
2013-12-08, 21:28:51.167, 159.383, 1, 1, 146.6409149, 99.57600403, 24.90999985
2013-12-08, 21:28:52.157, 160.373, 1, 1, 146.8100281, 99.57400513, 24.97999954
2013-12-08, 21:28:53.158, 161.374, 1, 1, 146.7254639, 99.57500458, 25.04999924
2013-12-08, 21:28:54.157, 162.373, 1, 1, 146.894577, 99.57300568, 25.10000038
2013-12-08, 21:28:55.167, 163.383, 1, 1, 146.894577, 99.57300568, 25.17000008
2013-12-08, 21:28:56.165, 164.381, 1, 1, 146.9764862, 99.57200623, 25.23999977
2013-12-08, 21:28:57.166, 165.382, 1, 1, 146.894577, 99.57300568, 25.29999924
2013-12-08, 21:28:58.169, 166.385, 1, 1, 146.9764862, 99.57200623, 25.3599987
2013-12-08, 21:28:59.178, 167.394, 1, 1, 147.0610352, 99.57100677, 25.42000008
2013-12-08, 21:29:00.178, 168.394, 1, 1, 146.9764862, 99.57200623, 25.5
2013-12-08, 21:29:01.181, 169.397, 1, 1, 147.1455841, 99.57000732, 25.55999947
2013-12-08, 21:29:02.176, 170.392, 1, 1, 147.1455841, 99.57000732, 25.61999893
2013-12-08, 21:29:03.242, 171.458, 1, 1, 146.894577, 99.57300568, 25.68000031
2013-12-08, 21:29:04.204, 172.42, 1, 1, 146.894577, 99.57300568, 25.75
2013-12-08, 21:29:05.221, 173.437, 1, 1, 147.0610352, 99.57100677, 25.79999924
2013-12-08, 21:29:06.228, 174.444, 1, 1, 146.9764862, 99.57200623, 25.86999893
2013-12-08, 21:29:07.243, 175.459, 1, 1, 146.9764862, 99.57200623, 25.93000031
2013-12-08, 21:29:08.224, 176.44, 1, 1, 146.9764862, 99.57200623, 25.98999977
2013-12-08, 21:29:10.219, 178.435, 1, 1, 146.9764862, 99.57200623, 26.1099987
2013-12-08, 21:29:11.232, 179.448, 1, 1, 146.7254639, 99.57500458, 26.17000008
2013-12-08, 21:29:12.232, 180.448, 1, 1, 147.2301483, 99.56900787, 26.22999954
2013-12-08, 21:29:13.200, 181.416, 1, 1, 146.9764862, 99.57200623, 26.27999878
2013-12-08, 21:29:14.203, 182.419, 1, 1, 146.9764862, 99.57200623, 26.34999847
2013-12-08, 21:29:15.233, 183.449, 1, 1, 146.9764862, 99.57200623, 26.40999985
2013-12-08, 21:29:16.220, 184.436, 1, 1, 147.0610352, 99.57100677, 26.45999908
2013-12-08, 21:29:17.200, 185.416, 1, 1, 147.2301483, 99.56900787, 26.51999855
2013-12-08, 21:29:18.228, 186.444, 1, 1, 147.2301483, 99.56900787, 26.57999992
2013-12-08, 21:29:19.204, 187.42, 1, 1, 147.3992462, 99.56700134, 26.62999916
2013-12-08, 21:29:20.195, 188.411, 1, 1, 147.4837952, 99.56600189, 26.69999886
2013-12-08, 21:29:21.198, 189.414, 1, 1, 147.2301483, 99.56900787, 26.75
2013-12-08, 21:29:22.203, 190.419, 1, 1, 147.4837952, 99.56600189, 26.80999947
2013-12-08, 21:29:23.196, 191.412, 1, 1, 147.2301483, 99.56900787, 26.8599987
2013-12-08, 21:29:24.132, 192.348, 1, 1, 147.3146973, 99.56800842, 26.92000008
2013-12-08, 21:29:25.148, 193.364, 1, 1, 147.5683594, 99.56500244, 26.97999954
2013-12-08, 21:29:26.139, 194.355, 1, 1, 147.4837952, 99.56600189, 27.02999878
2013-12-08, 21:29:27.140, 195.356, 1, 1, 147.6529083, 99.56400299, 27.09000015
2013-12-08, 21:29:28.158, 196.374, 1, 1, 147.2301483, 99.56900787, 27.13999939
2013-12-08, 21:29:29.146, 197.362, 1, 1, 147.3146973, 99.56800842, 27.19999886
2013-12-08, 21:29:30.138, 198.354, 1, 1, 147.3992462, 99.56700134, 27.26000023
2013-12-08, 21:29:31.149, 199.365, 1, 1, 147.4837952, 99.56600189, 27.31999969
2013-12-08, 21:29:32.147, 200.363, 1, 1, 147.7374573, 99.56300354, 27.36999893
2013-12-08, 21:29:33.153, 201.369, 1, 1, 147.5683594, 99.56500244, 27.42000008
2013-12-08, 21:29:34.147, 202.363, 1, 1, 147.7374573, 99.56300354, 27.46999931
2013-12-08, 21:29:35.156, 203.372, 1, 1, 147.8220062, 99.56200409, 27.52999878
2013-12-08, 21:29:36.157, 204.373, 1, 1, 147.7374573, 99.56300354, 27.57999992
2013-12-08, 21:29:37.189, 205.405, 1, 1, 147.5683594, 99.56500244, 27.62999916
2013-12-08, 21:29:38.187, 206.403, 1, 1, 147.7374573, 99.56300354, 27.69999886
2013-12-08, 21:29:39.186, 207.402, 1, 1, 147.7374573, 99.56300354, 27.75
2013-12-08, 21:29:40.188, 208.404, 1, 1, 147.9065704, 99.56100464, 27.79999924
2013-12-08, 21:29:41.190, 209.406, 1, 1, 147.6529083, 99.56400299, 27.84999847
2013-12-08, 21:29:42.187, 210.403, 1, 1, 147.8220062, 99.56200409, 27.89999962
2013-12-08, 21:29:43.187, 211.403, 1, 1, 147.7374573, 99.56300354, 27.95999908
2013-12-08, 21:29:44.188, 212.404, 1, 1, 147.9065704, 99.56100464, 28.01999855
2013-12-08, 21:29:45.187, 213.403, 1, 1, 147.7374573, 99.56300354, 28.06999969
2013-12-08, 21:29:46.187, 214.403, 1, 1, 147.7374573, 99.56300354, 28.11999893
2013-12-08, 21:29:47.188, 215.404, 1, 1, 147.7374573, 99.56300354, 28.17000008
2013-12-08, 21:29:48.180, 216.396, 1, 1, 147.9065704, 99.56100464, 28.21999931
2013-12-08, 21:29:49.183, 217.399, 1, 1, 147.9065704, 99.56100464, 28.26999855
2013-12-08, 21:29:50.178, 218.394, 1, 1, 147.6529083, 99.56400299, 28.31999969
2013-12-08, 21:29:51.177, 219.393, 1, 1, 147.7374573, 99.56300354, 28.36999893
2013-12-08, 21:29:52.179, 220.395, 1, 1, 147.6529083, 99.56400299, 28.43000031
2013-12-08, 21:29:53.179, 221.395, 1, 1, 147.7374573, 99.56300354, 28.47999954
2013-12-08, 21:29:54.123, 222.339, 1, 1, 147.8220062, 99.56200409, 28.52999878
2013-12-08, 21:29:55.127, 223.343, 1, 1, 147.8220062, 99.56200409, 28.56999969
2013-12-08, 21:29:56.170, 224.386, 1, 1, 147.6529083, 99.56400299, 28.61999893
2013-12-08, 21:29:57.127, 225.343, 1, 1, 147.6529083, 99.56400299, 28.67000008
2013-12-08, 21:29:58.127, 226.343, 1, 1, 147.7374573, 99.56300354, 28.71999931
2013-12-08, 21:29:59.131, 227.347, 1, 1, 147.7374573, 99.56300354, 28.76999855
2013-12-08, 21:30:00.122, 228.338, 1, 1, 147.9911194, 99.56000519, 28.82999992
2013-12-08, 21:30:01.128, 229.344, 1, 1, 147.5683594, 99.56500244, 28.86999893
2013-12-08, 21:30:02.129, 230.345, 1, 1, 147.8220062, 99.56200409, 28.92000008
2013-12-08, 21:30:03.126, 231.342, 1, 1, 147.6529083, 99.56400299, 28.97999954
2013-12-08, 21:30:04.146, 232.362, 1, 1, 147.7374573, 99.56300354, 29.01999855
2013-12-08, 21:30:05.140, 233.356, 1, 1, 147.6529083, 99.56400299, 29.06999969
2013-12-08, 21:30:06.138, 234.354, 1, 1, 147.5683594, 99.56500244, 29.11999893
2013-12-08, 21:30:07.136, 235.352, 1, 1, 147.7374573, 99.56300354, 29.17000008
2013-12-08, 21:30:08.171, 236.387, 1, 1, 147.6529083, 99.56400299, 29.20999908
2013-12-08, 21:30:09.167, 237.383, 1, 1, 147.6529083, 99.56400299, 29.26999855
2013-12-08, 21:30:10.179, 238.395, 1, 1, 147.6529083, 99.56400299, 29.30999947
2013-12-08, 21:30:11.167, 239.383, 1, 1, 147.7374573, 99.56300354, 29.34999847
2013-12-08, 21:30:12.168, 240.384, 1, 1, 147.8220062, 99.56200409, 29.39999962
2013-12-08, 21:30:13.167, 241.383, 1, 1, 147.9911194, 99.56000519, 29.44999886
2013-12-08, 21:30:14.168, 242.384, 1, 1, 147.7374573, 99.56300354, 29.5
2013-12-08, 21:30:15.157, 243.373, 1, 1, 147.7374573, 99.56300354, 29.54999924
2013-12-08, 21:30:16.161, 244.377, 1, 1, 147.8220062, 99.56200409, 29.59000015
2013-12-08, 21:30:17.163, 245.379, 1, 1, 147.9911194, 99.56000519, 29.63999939
2013-12-08, 21:30:18.164, 246.38, 1, 1, 147.9911194, 99.56000519, 29.68999863
2013-12-08, 21:30:19.168, 247.384, 1, 1, 148.0756683, 99.55900574, 29.72999954
2013-12-08, 21:30:20.162, 248.378, 1, 1, 147.8220062, 99.56200409, 29.77999878
2013-12-08, 21:30:21.157, 249.373, 1, 1, 147.9065704, 99.56100464, 29.81999969
2013-12-08, 21:30:22.163, 250.379, 1, 1, 147.8220062, 99.56200409, 29.86999893
2013-12-08, 21:30:23.159, 251.375, 1, 1, 147.9911194, 99.56000519, 29.90999985
2013-12-08, 21:30:24.159, 252.375, 1, 1, 147.9065704, 99.56100464, 29.95999908
2013-12-08, 21:30:25.157, 253.373, 1, 1, 147.7374573, 99.56300354, 30.01000023
2013-12-08, 21:30:26.163, 254.379, 1, 1, 147.9911194, 99.56000519, 30.04999924
2013-12-08, 21:30:27.93, 255.309, 1, 1, 147.7374573, 99.56300354, 30.07999992
2013-12-08, 21:30:28.99, 256.315, 1, 1, 147.8220062, 99.56200409, 30.12999916
2013-12-08, 21:30:29.89, 257.305, 1, 1, 147.9911194, 99.56000519, 30.1799984
2013-12-08, 21:30:30.91, 258.307, 1, 1, 147.9065704, 99.56100464, 30.21999931
2013-12-08, 21:30:31.93, 259.309, 1, 1, 147.9065704, 99.56100464, 30.26999855
2013-12-08, 21:30:32.94, 260.31, 1, 1, 147.9065704, 99.56100464, 30.30999947
2013-12-08, 21:30:33.101, 261.317, 1, 1, 147.9065704, 99.56100464, 30.34999847
2013-12-08, 21:30:34.93, 262.309, 1, 1, 147.9911194, 99.56000519, 30.38999939
2013-12-08, 21:30:35.98, 263.314, 1, 1, 147.9065704, 99.56100464, 30.43999863
2013-12-08, 21:30:36.127, 264.343, 1, 1, 147.9065704, 99.56100464, 30.48999977
2013-12-08, 21:30:37.127, 265.343, 1, 1, 147.9911194, 99.56000519, 30.52999878
2013-12-08, 21:30:38.134, 266.35, 1, 1, 148.0756683, 99.55900574, 30.55999947
2013-12-08, 21:30:39.112, 267.328, 1, 1, 147.9911194, 99.56000519, 30.6099987
2013-12-08, 21:30:41.129, 269.345, 1, 1, 148.2447815, 99.55700684, 30.68999863
2013-12-08, 21:30:42.148, 270.364, 1, 1, 148.0756683, 99.55900574, 30.73999977
2013-12-08, 21:30:43.148, 271.364, 1, 1, 148.1602173, 99.55800629, 30.77999878
2013-12-08, 21:30:44.140, 272.356, 1, 1, 148.2447815, 99.55700684, 30.80999947
2013-12-08, 21:30:45.137, 273.353, 1, 1, 148.0756683, 99.55900574, 30.8599987
2013-12-08, 21:30:46.146, 274.362, 1, 1, 147.9911194, 99.56000519, 30.89999962
2013-12-08, 21:30:47.140, 275.356, 1, 1, 148.2447815, 99.55700684, 30.94999886
2013-12-08, 21:30:48.137, 276.353, 1, 1, 147.9911194, 99.56000519, 30.98999977
2013-12-08, 21:30:49.148, 277.364, 1, 1, 148.2447815, 99.55700684, 31.02999878
2013-12-08, 21:30:50.138, 278.354, 1, 1, 148.0756683, 99.55900574, 31.05999947
2013-12-08, 21:30:52.147, 280.363, 1, 1, 148.0756683, 99.55900574, 31.15999985
2013-12-08, 21:30:53.141, 281.357, 1, 1, 148.3293304, 99.55600739, 31.18999863
2013-12-08, 21:30:54.137, 282.353, 1, 1, 148.0756683, 99.55900574, 31.23999977
2013-12-08, 21:30:55.136, 283.352, 1, 1, 147.9911194, 99.56000519, 31.27999878
2013-12-08, 21:30:56.139, 284.355, 1, 1, 148.4138794, 99.55500793, 31.31999969
2013-12-08, 21:30:57.136, 285.352, 1, 1, 148.0756683, 99.55900574, 31.3599987
2013-12-08, 21:30:58.78, 286.294, 1, 1, 148.2447815, 99.55700684, 31.39999962
2013-12-08, 21:30:59.133, 287.349, 1, 1, 148.1602173, 99.55800629, 31.43999863
2013-12-08, 21:31:00.76, 288.292, 1, 1, 148.5829926, 99.5530014, 31.46999931
2013-12-08, 21:31:01.77, 289.293, 1, 1, 147.9911194, 99.56000519, 31.51999855
2013-12-08, 21:31:02.76, 290.292, 1, 1, 148.1602173, 99.55800629, 31.54999924
2013-12-08, 21:31:03.74, 291.29, 1, 1, 148.1602173, 99.55800629, 31.59999847
2013-12-08, 21:31:04.76, 292.292, 1, 1, 148.1602173, 99.55800629, 31.62999916
2013-12-08, 21:31:05.74, 293.29, 1, 1, 148.0756683, 99.55900574, 31.67000008
2013-12-08, 21:31:06.84, 294.3, 1, 1, 147.9911194, 99.56000519, 31.70999908
2013-12-08, 21:31:07.87, 295.303, 1, 1, 148.1602173, 99.55800629, 31.75
2013-12-08, 21:31:08.87, 296.303, 1, 1, 148.0756683, 99.55900574, 31.78999901
2013-12-08, 21:31:09.96, 297.312, 1, 1, 148.1602173, 99.55800629, 31.82999992
2013-12-08, 21:31:10.96, 298.312, 1, 1, 148.2447815, 99.55700684, 31.8599987
2013-12-08, 21:31:11.133, 299.349, 1, 1, 148.2447815, 99.55700684, 31.89999962
2013-12-08, 21:31:12.126, 300.342, 1, 1, 148.2447815, 99.55700684, 31.93999863
2013-12-08, 21:31:13.126, 301.342, 1, 1, 148.2447815, 99.55700684, 31.97999954
2013-12-08, 21:31:14.124, 302.34, 1, 1, 148.1602173, 99.55800629, 32.00999832
2013-12-08, 21:31:15.125, 303.341, 1, 1, 148.1602173, 99.55800629, 32.05999756
2013-12-08, 21:31:16.125, 304.341, 1, 1, 147.9911194, 99.56000519, 32.09000015
2013-12-08, 21:31:17.136, 305.352, 1, 1, 148.1602173, 99.55800629, 32.13000107
2013-12-08, 21:31:18.127, 306.343, 1, 1, 148.1602173, 99.55800629, 32.15999985
2013-12-08, 21:31:19.127, 307.343, 1, 1, 148.1602173, 99.55800629, 32.18999863
2013-12-08, 21:31:20.136, 308.352, 1, 1, 148.2447815, 99.55700684, 32.23999786
2013-12-08, 21:31:21.125, 309.341, 1, 1, 147.9911194, 99.56000519, 32.27000046
2013-12-08, 21:31:22.126, 310.342, 1, 1, 148.2447815, 99.55700684, 32.30999756
2013-12-08, 21:31:23.136, 311.352, 1, 1, 147.9911194, 99.56000519, 32.34999847
2013-12-08, 21:31:24.125, 312.341, 1, 1, 148.2447815, 99.55700684, 32.38000107
2013-12-08, 21:31:25.127, 313.343, 1, 1, 148.2447815, 99.55700684, 32.43000031
2013-12-08, 21:31:26.128, 314.344, 1, 1, 147.9065704, 99.56100464, 32.45999908
2013-12-08, 21:31:27.54, 315.27, 1, 1, 148.0756683, 99.55900574, 32.48999786
2013-12-08, 21:31:28.56, 316.272, 1, 1, 148.1602173, 99.55800629, 32.52999878
2013-12-08, 21:31:29.47, 317.263, 1, 1, 148.0756683, 99.55900574, 32.55999756
2013-12-08, 21:31:30.59, 318.275, 1, 1, 148.0756683, 99.55900574, 32.59999847
2013-12-08, 21:31:31.57, 319.273, 1, 1, 148.0756683, 99.55900574, 32.63999939
2013-12-08, 21:31:32.124, 320.34, 1, 1, 148.0756683, 99.55900574, 32.66999817
2013-12-08, 21:31:33.62, 321.278, 1, 1, 148.0756683, 99.55900574, 32.70000076
2013-12-08, 21:31:34.67, 322.283, 1, 1, 148.3293304, 99.55600739, 32.73999786
2013-12-08, 21:31:35.67, 323.283, 1, 1, 147.9911194, 99.56000519, 32.77999878
2013-12-08, 21:31:36.75, 324.291, 1, 1, 148.0756683, 99.55900574, 32.79999924
2013-12-08, 21:31:37.77, 325.293, 1, 1, 148.3293304, 99.55600739, 32.84000015
2013-12-08, 21:31:38.123, 326.339, 1, 1, 148.0756683, 99.55900574, 32.86999893
2013-12-08, 21:31:39.109, 327.325, 1, 1, 148.0756683, 99.55900574, 32.90999985
2013-12-08, 21:31:40.125, 328.341, 1, 1, 148.1602173, 99.55800629, 32.95000076
2013-12-08, 21:31:41.98, 329.314, 1, 1, 148.1602173, 99.55800629, 32.97999954
2013-12-08, 21:31:42.96, 330.312, 1, 1, 148.2447815, 99.55700684, 33.00999832
2013-12-08, 21:31:43.97, 331.313, 1, 1, 148.2447815, 99.55700684, 33.04999924
2013-12-08, 21:31:44.96, 332.312, 1, 1, 148.2447815, 99.55700684, 33.07999802
2013-12-08, 21:31:45.96, 333.312, 1, 1, 148.3293304, 99.55600739, 33.11999893
2013-12-08, 21:31:46.98, 334.314, 1, 1, 147.9911194, 99.56000519, 33.14999771
2013-12-08, 21:31:47.97, 335.313, 1, 1, 148.0756683, 99.55900574, 33.18999863
2013-12-08, 21:31:48.99, 336.315, 1, 1, 148.2447815, 99.55700684, 33.21999741
2013-12-08, 21:31:49.99, 337.315, 1, 1, 148.2447815, 99.55700684, 33.23999786
2013-12-08, 21:31:50.97, 338.313, 1, 1, 148.3293304, 99.55600739, 33.27999878
2013-12-08, 21:31:51.96, 339.312, 1, 1, 148.3293304, 99.55600739, 33.31999969
2013-12-08, 21:31:52.96, 340.312, 1, 1, 148.1602173, 99.55800629, 33.34999847
2013-12-08, 21:31:53.96, 341.312, 1, 1, 148.4138794, 99.55500793, 33.38999939
2013-12-08, 21:31:54.35, 342.251, 1, 1, 148.4138794, 99.55500793, 33.40999985
2013-12-08, 21:31:55.97, 343.313, 1, 1, 148.4138794, 99.55500793, 33.45000076
2013-12-08, 21:31:56.97, 344.313, 1, 1, 148.5829926, 99.5530014, 33.47999954
2013-12-08, 21:31:57.85, 345.301, 1, 1, 148.4984283, 99.55400848, 33.52000046
2013-12-08, 21:31:58.36, 346.252, 1, 1, 148.2447815, 99.55700684, 33.54999924
2013-12-08, 21:31:59.46, 347.262, 1, 1, 148.3293304, 99.55600739, 33.57999802
2013-12-08, 21:32:01.41, 349.257, 1, 1, 148.3293304, 99.55600739, 33.63999939
2013-12-08, 21:32:02.46, 350.262, 1, 1, 148.3293304, 99.55600739, 33.66999817
2013-12-08, 21:32:03.65, 351.281, 1, 1, 148.4138794, 99.55500793, 33.70000076
2013-12-08, 21:32:04.46, 352.262, 1, 1, 148.4138794, 99.55500793, 33.72999954
2013-12-08, 21:32:05.58, 353.274, 1, 1, 148.4984283, 99.55400848, 33.77000046
2013-12-08, 21:32:06.84, 354.3, 1, 1, 148.3293304, 99.55600739, 33.79000092
2013-12-08, 21:32:07.87, 355.303, 1, 1, 148.5829926, 99.5530014, 33.82999802
2013-12-08, 21:32:08.87, 356.303, 1, 1, 148.3293304, 99.55600739, 33.86000061
2013-12-08, 21:32:09.76, 357.292, 1, 1, 148.4984283, 99.55400848, 33.88999939
2013-12-08, 21:32:10.78, 358.294, 1, 1, 148.4138794, 99.55500793, 33.91999817
2013-12-08, 21:32:11.81, 359.297, 1, 1, 148.4138794, 99.55500793, 33.95000076
2013-12-08, 21:32:12.76, 360.292, 1, 1, 148.4138794, 99.55500793, 33.97999954
2013-12-08, 21:32:13.77, 361.293, 1, 1, 148.5829926, 99.5530014, 34.00999832
2013-12-08, 21:32:14.83, 362.299, 1, 1, 148.4138794, 99.55500793, 34.04999924
2013-12-08, 21:32:15.82, 363.298, 1, 1, 148.4984283, 99.55400848, 34.07999802
2013-12-08, 21:32:16.73, 364.289, 1, 1, 148.5829926, 99.5530014, 34.09999847
2013-12-08, 21:32:17.88, 365.304, 1, 1, 148.3293304, 99.55600739, 34.13999939
2013-12-08, 21:32:18.79, 366.295, 1, 1, 148.2447815, 99.55700684, 34.18000031
2013-12-08, 21:32:19.77, 367.293, 1, 1, 148.6675415, 99.55200195, 34.20000076
2013-12-08, 21:32:20.77, 368.293, 1, 1, 148.7520905, 99.5510025, 34.22999954
2013-12-08, 21:32:21.84, 369.3, 1, 1, 148.7520905, 99.5510025, 34.25
2013-12-08, 21:32:22.72, 370.288, 1, 1, 148.4984283, 99.55400848, 34.29000092
2013-12-08, 21:32:23.25, 371.241, 1, 1, 148.4984283, 99.55400848, 34.30999756
2013-12-08, 21:32:24.34, 372.25, 1, 1, 148.6675415, 99.55200195, 34.34999847
2013-12-08, 21:32:25.37, 373.253, 1, 1, 148.6675415, 99.55200195, 34.36999893
2013-12-08, 21:32:26.26, 374.242, 1, 1, 148.4138794, 99.55500793, 34.40999985
2013-12-08, 21:32:27.36, 375.252, 1, 1, 148.4984283, 99.55400848, 34.43000031
2013-12-08, 21:32:28.22, 376.238, 1, 1, 148.4138794, 99.55500793, 34.45999908
2013-12-08, 21:32:29.28, 377.244, 1, 1, 148.5829926, 99.5530014, 34.48999786
2013-12-08, 21:32:30.36, 378.252, 1, 1, 148.7520905, 99.5510025, 34.52000046
2013-12-08, 21:32:31.36, 379.252, 1, 1, 148.4984283, 99.55400848, 34.54999924
2013-12-08, 21:32:32.38, 380.254, 1, 1, 148.5829926, 99.5530014, 34.56999969
2013-12-08, 21:32:33.70, 381.286, 1, 1, 148.5829926, 99.5530014, 34.59999847
2013-12-08, 21:32:34.68, 382.284, 1, 1, 148.4984283, 99.55400848, 34.63000107
2013-12-08, 21:32:35.76, 383.292, 1, 1, 148.4984283, 99.55400848, 34.65999985
2013-12-08, 21:32:36.70, 384.286, 1, 1, 148.4984283, 99.55400848, 34.68000031
2013-12-08, 21:32:37.66, 385.282, 1, 1, 148.4984283, 99.55400848, 34.71999741
2013-12-08, 21:32:38.67, 386.283, 1, 1, 148.4984283, 99.55400848, 34.75
2013-12-08, 21:32:39.69, 387.285, 1, 1, 148.6675415, 99.55200195, 34.77000046
2013-12-08, 21:32:40.57, 388.273, 1, 1, 148.7520905, 99.5510025, 34.79999924
2013-12-08, 21:32:41.68, 389.284, 1, 1, 148.5829926, 99.5530014, 34.81999969
2013-12-08, 21:32:42.58, 390.274, 1, 1, 148.5829926, 99.5530014, 34.86000061
2013-12-08, 21:32:43.57, 391.273, 1, 1, 148.4138794, 99.55500793, 34.88999939
2013-12-08, 21:32:44.68, 392.284, 1, 1, 148.5829926, 99.5530014, 34.90999985
2013-12-08, 21:32:45.61, 393.277, 1, 1, 148.4984283, 99.55400848, 34.95000076
2013-12-08, 21:32:46.58, 394.274, 1, 1, 148.4984283, 99.55400848, 34.96999741
2013-12-08, 21:32:47.68, 395.284, 1, 1, 148.7520905, 99.5510025,  35
2013-12-08, 21:32:47.989, 396.205, 1, 1, 148.7520905, 99.5510025, 35.02000046
2013-12-08, 21:32:48.998, 397.214, 1, 1, 148.5829926, 99.5530014, 35.04999924
2013-12-08, 21:32:50.26, 398.242, 1, 1, 148.3293304, 99.55600739, 35.07999802
2013-12-08, 21:32:50.998, 399.214, 1, 1, 148.6675415, 99.55200195, 35.11000061
2013-12-08, 21:32:51.998, 400.214, 1, 1, 148.4984283, 99.55400848, 35.13999939
2013-12-08, 21:32:52.999, 401.215, 1, 1, 148.5829926, 99.5530014, 35.15999985
2013-12-08, 21:32:54.33, 402.249, 1, 1, 148.6675415, 99.55200195, 35.20000076
2013-12-08, 21:32:55.25, 403.241, 1, 1, 148.8366394, 99.55000305, 35.21999741
2013-12-08, 21:32:56.25, 404.241, 1, 1, 148.7520905, 99.5510025, 35.25
2013-12-08, 21:32:57.37, 405.253, 1, 1, 148.5829926, 99.5530014, 35.27999878
2013-12-08, 21:32:58.48, 406.264, 1, 1, 148.4984283, 99.55400848, 35.29000092
2013-12-08, 21:32:59.49, 407.265, 1, 1, 148.7520905, 99.5510025, 35.32999802
2013-12-08, 21:33:00.48, 408.264, 1, 1, 148.4984283, 99.55400848, 35.34999847
2013-12-08, 21:33:01.47, 409.263, 1, 1, 148.7520905, 99.5510025, 35.38000107
2013-12-08, 21:33:02.51, 410.267, 1, 1, 148.5829926, 99.5530014, 35.40999985
2013-12-08, 21:33:03.48, 411.264, 1, 1, 148.8366394, 99.55000305, 35.43000031
2013-12-08, 21:33:04.41, 412.257, 1, 1, 148.4984283, 99.55400848, 35.45000076
2013-12-08, 21:33:05.48, 413.264, 1, 1, 148.4984283, 99.55400848, 35.47999954
2013-12-08, 21:33:06.45, 414.261, 1, 1, 148.4138794, 99.55500793, 35.50999832
2013-12-08, 21:33:07.38, 415.254, 1, 1, 148.6675415, 99.55200195, 35.52000046
2013-12-08, 21:33:08.49, 416.265, 1, 1, 148.7520905, 99.5510025, 35.55999756
2013-12-08, 21:33:09.43, 417.259, 1, 1, 148.4984283, 99.55400848, 35.57999802
2013-12-08, 21:33:10.38, 418.254, 1, 1, 148.5829926, 99.5530014, 35.61000061
2013-12-08, 21:33:11.40, 419.256, 1, 1, 148.6675415, 99.55200195, 35.63999939
2013-12-08, 21:33:11.970, 420.186, 1, 1, 148.6675415, 99.55200195, 35.65999985
2013-12-08, 21:33:12.975, 421.191, 1, 1, 148.5829926, 99.5530014, 35.68999863
2013-12-08, 21:33:13.977, 422.193, 1, 1, 148.5829926, 99.5530014, 35.70000076
2013-12-08, 21:33:14.979, 423.195, 1, 1, 148.7520905, 99.5510025, 35.72999954
2013-12-08, 21:33:15.982, 424.198, 1, 1, 148.6675415, 99.55200195, 35.75999832
2013-12-08, 21:33:16.988, 425.204, 1, 1, 148.6675415, 99.55200195, 35.77999878
2013-12-08, 21:33:17.984, 426.2, 1, 1, 148.6675415, 99.55200195, 35.79999924
2013-12-08, 21:33:18.981, 427.197, 1, 1, 148.4984283, 99.55400848, 35.81999969
2013-12-08, 21:33:19.987, 428.203, 1, 1, 148.7520905, 99.5510025, 35.86000061
2013-12-08, 21:33:20.997, 429.213, 1, 1, 148.6675415, 99.55200195, 35.88000107
2013-12-08, 21:33:22.0, 430.216, 1, 1, 148.5829926, 99.5530014, 35.90999985
2013-12-08, 21:33:22.996, 431.212, 1, 1, 148.7520905, 99.5510025, 35.93000031
2013-12-08, 21:33:24.32, 432.248, 1, 1, 148.4138794, 99.55500793, 35.95000076
2013-12-08, 21:33:25.29, 433.245, 1, 1, 148.7520905, 99.5510025, 35.96999741
2013-12-08, 21:33:26.38, 434.254, 1, 1, 148.6675415, 99.55200195, 36.00999832
2013-12-08, 21:33:27.36, 435.252, 1, 1, 148.5829926, 99.5530014, 36.02000046
2013-12-08, 21:33:28.26, 436.242, 1, 1, 148.6675415, 99.55200195, 36.04999924
2013-12-08, 21:33:29.26, 437.242, 1, 1, 148.7520905, 99.5510025, 36.07999802
2013-12-08, 21:33:30.37, 438.253, 1, 1, 148.6675415, 99.55200195, 36.09999847
2013-12-08, 21:33:31.26, 439.242, 1, 1, 148.5829926, 99.5530014, 36.11999893
2013-12-08, 21:33:32.26, 440.242, 1, 1, 148.7520905, 99.5510025, 36.13999939
2013-12-08, 21:33:33.34, 441.25, 1, 1, 148.8366394, 99.55000305, 36.16999817
2013-12-08, 21:33:34.29, 442.245, 1, 1, 148.8366394, 99.55000305, 36.18999863
2013-12-08, 21:33:35.32, 443.248, 1, 1, 148.8366394, 99.55000305, 36.20999908
2013-12-08, 21:33:36.32, 444.248, 1, 1, 148.9212036, 99.5490036, 36.22999954
2013-12-08, 21:33:37.21, 445.237, 1, 1, 148.8366394, 99.55000305, 36.25
2013-12-08, 21:33:38.31, 446.247, 1, 1, 148.7520905, 99.5510025, 36.27999878
2013-12-08, 21:33:39.37, 447.253, 1, 1, 148.7520905, 99.5510025, 36.29999924
2013-12-08, 21:33:40.41, 448.257, 1, 1, 148.6675415, 99.55200195, 36.31999969
2013-12-08, 21:33:40.958, 449.174, 1, 1, 148.6675415, 99.55200195, 36.34000015
2013-12-08, 21:33:41.956, 450.172, 1, 1, 148.7520905, 99.5510025, 36.36999893
2013-12-08, 21:33:42.958, 451.174, 1, 1, 148.8366394, 99.55000305, 36.38999939
2013-12-08, 21:33:43.962, 452.178, 1, 1, 148.7520905, 99.5510025, 36.41999817
2013-12-08, 21:33:44.968, 453.184, 1, 1, 148.8366394, 99.55000305, 36.45000076
2013-12-08, 21:33:45.968, 454.184, 1, 1, 148.8366394, 99.55000305, 36.46999741
2013-12-08, 21:33:46.968, 455.184, 1, 1, 148.9212036, 99.5490036, 36.47999954
2013-12-08, 21:33:47.968, 456.184, 1, 1, 148.6675415, 99.55200195, 36.50999832
2013-12-08, 21:33:48.978, 457.194, 1, 1, 149.0057526, 99.54800415, 36.52000046
2013-12-08, 21:33:50.26, 458.242, 1, 1, 148.6675415, 99.55200195, 36.54999924
2013-12-08, 21:33:51.35, 459.251, 1, 1, 148.6675415, 99.55200195, 36.57999802
2013-12-08, 21:33:52.27, 460.243, 1, 1, 148.8366394, 99.55000305, 36.59999847
2013-12-08, 21:33:53.26, 461.242, 1, 1, 148.8366394, 99.55000305, 36.61999893
2013-12-08, 21:33:54.35, 462.251, 1, 1, 148.7520905, 99.5510025, 36.63999939
2013-12-08, 21:33:55.26, 463.242, 1, 1, 148.7520905, 99.5510025, 36.65999985
2013-12-08, 21:33:56.34, 464.25, 1, 1, 148.9212036, 99.5490036, 36.68999863
2013-12-08, 21:33:57.4, 465.22, 1, 1, 148.8366394, 99.55000305, 36.68999863
2013-12-08, 21:33:58.24, 466.24, 1, 1, 148.9212036, 99.5490036, 36.72999954
2013-12-08, 21:33:58.998, 467.214, 1, 1, 149.0057526, 99.54800415, 36.75
2013-12-08, 21:34:00.0, 468.216, 1, 1, 149.0903015, 99.5470047, 36.77000046
2013-12-08, 21:34:00.999, 469.215, 1, 1, 148.9212036, 99.5490036, 36.77999878
2013-12-08, 21:34:01.999, 470.215, 1, 1, 148.8366394, 99.55000305, 36.80999756
2013-12-08, 21:34:02.996, 471.212, 1, 1, 149.0903015, 99.5470047, 36.82999802
2013-12-08, 21:34:04.2, 472.218, 1, 1, 149.0057526, 99.54800415, 36.86000061
2013-12-08, 21:34:05.0, 473.216, 1, 1, 149.0903015, 99.5470047, 36.86999893
2013-12-08, 21:34:05.997, 474.213, 1, 1, 149.0903015, 99.5470047, 36.88999939
2013-12-08, 21:34:06.949, 475.165, 1, 1, 149.0057526, 99.54800415, 36.90999985
2013-12-08, 21:34:07.998, 476.214, 1, 1, 148.7520905, 99.5510025, 36.93999863
2013-12-08, 21:34:08.998, 477.214, 1, 1, 149.0057526, 99.54800415, 36.95999908
2013-12-08, 21:34:09.933, 478.149, 1, 1, 149.0057526, 99.54800415, 36.98999786
2013-12-08, 21:34:10.943, 479.159, 1, 1, 148.9212036, 99.5490036, 37.00999832
2013-12-08, 21:34:11.950, 480.166, 1, 1, 149.0057526, 99.54800415, 37.02000046
2013-12-08, 21:34:12.942, 481.158, 1, 1, 148.7520905, 99.5510025, 37.04999924
2013-12-08, 21:34:13.946, 482.162, 1, 1, 149.1748505, 99.54600525, 37.06999969
2013-12-08, 21:34:14.953, 483.169, 1, 1, 148.9212036, 99.5490036, 37.07999802
2013-12-08, 21:34:15.948, 484.164, 1, 1, 149.1748505, 99.54600525, 37.09999847
2013-12-08, 21:34:16.949, 485.165, 1, 1, 149.0903015, 99.5470047, 37.11999893
2013-12-08, 21:34:17.950, 486.166, 1, 1, 148.8366394, 99.55000305, 37.14999771
2013-12-08, 21:34:18.955, 487.171, 1, 1, 149.0903015, 99.5470047, 37.16999817
2013-12-08, 21:34:19.988, 488.204, 1, 1, 148.8366394, 99.55000305, 37.18000031
2013-12-08, 21:34:20.987, 489.203, 1, 1, 149.1748505, 99.54600525, 37.20999908
2013-12-08, 21:34:21.987, 490.203, 1, 1, 149.0057526, 99.54800415, 37.22999954
2013-12-08, 21:34:22.987, 491.203, 1, 1, 149.0057526, 99.54800415, 37.25
2013-12-08, 21:34:23.982, 492.198, 1, 1, 149.0057526, 99.54800415, 37.25999832
2013-12-08, 21:34:24.988, 493.204, 1, 1, 148.9212036, 99.5490036, 37.29000092
2013-12-08, 21:34:25.987, 494.203, 1, 1, 149.0903015, 99.5470047, 37.30999756
2013-12-08, 21:34:26.987, 495.203, 1, 1, 149.0057526, 99.54800415, 37.31999969
2013-12-08, 21:34:27.980, 496.196, 1, 1, 149.0903015, 99.5470047, 37.34000015
2013-12-08, 21:34:28.979, 497.195, 1, 1, 149.0903015, 99.5470047, 37.36000061
2013-12-08, 21:34:29.988, 498.204, 1, 1, 149.1748505, 99.54600525, 37.38000107
2013-12-08, 21:34:30.979, 499.195, 1, 1, 149.0903015, 99.5470047, 37.40999985
2013-12-08, 21:34:32.987, 501.203, 1, 1, 149.0057526, 99.54800415, 37.43999863
2013-12-08, 21:34:33.972, 502.188, 1, 1, 149.1748505, 99.54600525, 37.45999908
2013-12-08, 21:34:34.971, 503.187, 1, 1, 149.3413239, 99.54400635, 37.46999741
2013-12-08, 21:34:35.927, 504.143, 1, 1, 149.1748505, 99.54600525, 37.5
2013-12-08, 21:34:36.975, 505.191, 1, 1, 149.1748505, 99.54600525, 37.52000046
2013-12-08, 21:34:37.927, 506.143, 1, 1, 149.2567749, 99.5450058, 37.52999878
2013-12-08, 21:34:38.930, 507.146, 1, 1, 149.2567749, 99.5450058, 37.54999924
2013-12-08, 21:34:39.925, 508.141, 1, 1, 149.0057526, 99.54800415, 37.57999802
2013-12-08, 21:34:40.920, 509.136, 1, 1, 149.3413239, 99.54400635, 37.59000015
2013-12-08, 21:34:41.927, 510.143, 1, 1, 149.0903015, 99.5470047, 37.61000061
2013-12-08, 21:34:42.929, 511.145, 1, 1, 149.0057526, 99.54800415, 37.62999725
2013-12-08, 21:34:43.927, 512.143, 1, 1, 149.0903015, 99.5470047, 37.64999771
2013-12-08, 21:34:44.937, 513.153, 1, 1, 149.0057526, 99.54800415, 37.66999817
2013-12-08, 21:34:45.929, 514.145, 1, 1, 149.0057526, 99.54800415, 37.68999863
2013-12-08, 21:34:46.933, 515.149, 1, 1, 149.1748505, 99.54600525, 37.70000076
2013-12-08, 21:34:47.972, 516.188, 1, 1, 149.0903015, 99.5470047, 37.71999741
2013-12-08, 21:34:48.968, 517.184, 1, 1, 149.0903015, 99.5470047, 37.73999786
2013-12-08, 21:34:49.967, 518.183, 1, 1, 149.0903015, 99.5470047, 37.77000046
2013-12-08, 21:34:50.966, 519.182, 1, 1, 149.0903015, 99.5470047, 37.77999878
2013-12-08, 21:34:51.974, 520.19, 1, 1, 149.0057526, 99.54800415, 37.79999924
2013-12-08, 21:34:52.967, 521.183, 1, 1, 149.1748505, 99.54600525, 37.81999969
2013-12-08, 21:34:53.970, 522.186, 1, 1, 149.1748505, 99.54600525, 37.82999802
2013-12-08, 21:34:54.964, 523.18, 1, 1, 149.2567749, 99.5450058, 37.86000061
2013-12-08, 21:34:55.961, 524.177, 1, 1, 149.2567749, 99.5450058, 37.87999725
2013-12-08, 21:34:56.967, 525.183, 1, 1, 149.2567749, 99.5450058, 37.88999939
2013-12-08, 21:34:57.959, 526.175, 1, 1, 149.0903015, 99.5470047, 37.90999985
2013-12-08, 21:34:58.958, 527.174, 1, 1, 149.2567749, 99.5450058, 37.91999817
2013-12-08, 21:34:59.959, 528.175, 1, 1, 149.0903015, 99.5470047, 37.93999863
2013-12-08, 21:35:00.963, 529.179, 1, 1, 149.0057526, 99.54800415, 37.95999908
2013-12-08, 21:35:01.956, 530.172, 1, 1, 149.1748505, 99.54600525, 37.97999954
2013-12-08, 21:35:02.968, 531.184, 1, 1, 149.1748505, 99.54600525, 37.98999786
2013-12-08, 21:35:03.956, 532.172, 1, 1, 149.0903015, 99.5470047, 38.00999832
2013-12-08, 21:35:04.900, 533.116, 1, 1, 149.0903015, 99.5470047, 38.02999878
2013-12-08, 21:35:05.898, 534.114, 1, 1, 149.4258728, 99.5430069, 38.04000092
2013-12-08, 21:35:06.895, 535.111, 1, 1, 149.0903015, 99.5470047, 38.06999969
2013-12-08, 21:35:07.901, 536.117, 1, 1, 149.3413239, 99.54400635, 38.07999802
2013-12-08, 21:35:08.893, 537.109, 1, 1, 149.2567749, 99.5450058, 38.09999847
2013-12-08, 21:35:09.893, 538.109, 1, 1, 149.0903015, 99.5470047, 38.11999893
2013-12-08, 21:35:10.897, 539.113, 1, 1, 149.3413239, 99.54400635, 38.12999725
2013-12-08, 21:35:11.921, 540.137, 1, 1, 149.1748505, 99.54600525, 38.14999771
2013-12-08, 21:35:12.927, 541.143, 1, 1, 149.2567749, 99.5450058, 38.16999817
2013-12-08, 21:35:13.921, 542.137, 1, 1, 149.3413239, 99.54400635, 38.18000031
2013-12-08, 21:35:14.927, 543.143, 1, 1, 149.3413239, 99.54400635, 38.20000076
2013-12-08, 21:35:15.945, 544.161, 1, 1, 149.3413239, 99.54400635, 38.21999741
2013-12-08, 21:35:16.947, 545.163, 1, 1, 149.3413239, 99.54400635, 38.23999786
2013-12-08, 21:35:17.948, 546.164, 1, 1, 149.2567749, 99.5450058, 38.25
2013-12-08, 21:35:18.950, 547.166, 1, 1, 149.4258728, 99.5430069, 38.27000046
2013-12-08, 21:35:19.937, 548.153, 1, 1, 149.0903015, 99.5470047, 38.29000092
2013-12-08, 21:35:20.947, 549.163, 1, 1, 149.1748505, 99.54600525, 38.29999924
2013-12-08, 21:35:21.940, 550.156, 1, 1, 149.0903015, 99.5470047, 38.31999969
2013-12-08, 21:35:22.940, 551.156, 1, 1, 149.3413239, 99.54400635, 38.34000015
2013-12-08, 21:35:23.941, 552.157, 1, 1, 149.0903015, 99.5470047, 38.36000061
2013-12-08, 21:35:24.936, 553.152, 1, 1, 149.1748505, 99.54600525, 38.36999893
2013-12-08, 21:35:25.939, 554.155, 1, 1, 149.1748505, 99.54600525, 38.39999771
2013-12-08, 21:35:26.940, 555.156, 1, 1, 149.1748505, 99.54600525, 38.40999985
2013-12-08, 21:35:27.935, 556.151, 1, 1, 149.3413239, 99.54400635, 38.43000031
2013-12-08, 21:35:28.941, 557.157, 1, 1, 149.2567749, 99.5450058, 38.45000076
2013-12-08, 21:35:29.942, 558.158, 1, 1, 149.1748505, 99.54600525, 38.46999741
2013-12-08, 21:35:30.938, 559.154, 1, 1, 149.0903015, 99.5470047, 38.47999954
2013-12-08, 21:35:31.935, 560.151, 1, 1, 149.4258728, 99.5430069, 38.48999786
2013-12-08, 21:35:32.875, 561.091, 1, 1, 149.1748505, 99.54600525, 38.50999832
2013-12-08, 21:35:33.866, 562.082, 1, 1, 149.3413239, 99.54400635, 38.52999878
2013-12-08, 21:35:34.879, 563.095, 1, 1, 149.3413239, 99.54400635, 38.54000092
2013-12-08, 21:35:35.874, 564.09, 1, 1, 149.3413239, 99.54400635, 38.54999924
2013-12-08, 21:35:36.929, 565.145, 1, 1, 149.0057526, 99.54800415, 38.56999969
2013-12-08, 21:35:37.894, 566.11, 1, 1, 149.0057526, 99.54800415, 38.59000015
2013-12-08, 21:35:38.884, 567.1, 1, 1, 149.3413239, 99.54400635, 38.59999847
2013-12-08, 21:35:39.886, 568.102, 1, 1, 149.4258728, 99.5430069, 38.61999893
2013-12-08, 21:35:40.891, 569.107, 1, 1, 149.1748505, 99.54600525, 38.62999725
2013-12-08, 21:35:41.887, 570.103, 1, 1, 149.3413239, 99.54400635, 38.64999771
2013-12-08, 21:35:42.887, 571.103, 1, 1, 149.4258728, 99.5430069, 38.66999817
2013-12-08, 21:35:43.891, 572.107, 1, 1, 149.3413239, 99.54400635, 38.68000031
2013-12-08, 21:35:44.926, 573.142, 1, 1, 149.4258728, 99.5430069, 38.68999863
2013-12-08, 21:35:45.929, 574.145, 1, 1, 149.1748505, 99.54600525, 38.70999908
2013-12-08, 21:35:46.926, 575.142, 1, 1, 149.1748505, 99.54600525, 38.72999954
2013-12-08, 21:35:47.929, 576.145, 1, 1, 149.3413239, 99.54400635, 38.73999786
2013-12-08, 21:35:48.933, 577.149, 1, 1, 149.3413239, 99.54400635, 38.77000046
2013-12-08, 21:35:49.926, 578.142, 1, 1, 149.2567749, 99.5450058, 38.77999878
2013-12-08, 21:35:50.926, 579.142, 1, 1, 149.3413239, 99.54400635, 38.77999878
2013-12-08, 21:35:51.929, 580.145, 1, 1, 149.1748505, 99.54600525, 38.80999756
2013-12-08, 21:35:52.926, 581.142, 1, 1, 149.3413239, 99.54400635, 38.81999969
2013-12-08, 21:35:53.927, 582.143, 1, 1, 149.2567749, 99.5450058, 38.82999802
2013-12-08, 21:35:54.929, 583.145, 1, 1, 149.1748505, 99.54600525, 38.84999847
2013-12-08, 21:35:55.926, 584.142, 1, 1, 149.3413239, 99.54400635, 38.86999893
2013-12-08, 21:35:56.926, 585.142, 1, 1, 149.4258728, 99.5430069, 38.87999725
2013-12-08, 21:35:57.847, 586.063, 1, 1, 149.4258728, 99.5430069, 38.88999939
2013-12-08, 21:35:58.859, 587.075, 1, 1, 149.4258728, 99.5430069, 38.91999817
2013-12-08, 21:35:59.853, 588.069, 1, 1, 149.3413239, 99.54400635, 38.93000031
2013-12-08, 21:36:00.852, 589.068, 1, 1, 149.5104218, 99.54200745, 38.93999863
2013-12-08, 21:36:01.859, 590.075, 1, 1, 149.3413239, 99.54400635, 38.95000076
2013-12-08, 21:36:02.859, 591.075, 1, 1, 149.2567749, 99.5450058, 38.97999954
2013-12-08, 21:36:03.855, 592.071, 1, 1, 149.5104218, 99.54200745, 38.97999954
2013-12-08, 21:36:04.866, 593.082, 1, 1, 149.5104218, 99.54200745,  39
2013-12-08, 21:36:05.860, 594.076, 1, 1, 149.5104218, 99.54200745, 39.02000046
2013-12-08, 21:36:06.874, 595.09, 1, 1, 149.3413239, 99.54400635, 39.04000092
2013-12-08, 21:36:07.870, 596.086, 1, 1, 149.594986, 99.541008, 39.04999924
2013-12-08, 21:36:08.927, 597.143, 1, 1, 149.4258728, 99.5430069, 39.06999969
2013-12-08, 21:36:09.899, 598.115, 1, 1, 149.4258728, 99.5430069, 39.07999802
2013-12-08, 21:36:10.927, 599.143, 1, 1, 149.5104218, 99.54200745, 39.07999802
2013-12-08, 21:36:11.926, 600.142, 1, 1, 149.3413239, 99.54400635, 39.11000061
2013-12-08, 21:36:12.899, 601.115, 1, 1, 149.7640839, 99.53900146, 39.11999893
2013-12-08, 21:36:13.900, 602.116, 1, 1, 149.594986, 99.541008, 39.13999939
2013-12-08, 21:36:14.900, 603.116, 1, 1, 149.7640839, 99.53900146, 39.14999771
2013-12-08, 21:36:15.900, 604.116, 1, 1, 149.594986, 99.541008, 39.15999985
2013-12-08, 21:36:16.894, 605.11, 1, 1, 149.5104218, 99.54200745, 39.18999863
2013-12-08, 21:36:17.899, 606.115, 1, 1, 149.5104218, 99.54200745, 39.20000076
2013-12-08, 21:36:18.903, 607.119, 1, 1, 149.5104218, 99.54200745, 39.20999908
2013-12-08, 21:36:19.898, 608.114, 1, 1, 149.5104218, 99.54200745, 39.22999954
2013-12-08, 21:36:20.898, 609.114, 1, 1, 149.3413239, 99.54400635, 39.23999786
2013-12-08, 21:36:21.896, 610.112, 1, 1, 149.3413239, 99.54400635, 39.25
2013-12-08, 21:36:22.894, 611.11, 1, 1, 149.594986, 99.541008, 39.25999832
2013-12-08, 21:36:23.893, 612.109, 1, 1, 149.594986, 99.541008, 39.27999878
2013-12-08, 21:36:24.827, 613.043, 1, 1, 149.5104218, 99.54200745, 39.29000092
2013-12-08, 21:36:25.896, 614.112, 1, 1, 149.3413239, 99.54400635, 39.29999924
2013-12-08, 21:36:26.837, 615.053, 1, 1, 149.5104218, 99.54200745, 39.30999756
2013-12-08, 21:36:27.850, 616.066, 1, 1, 149.6795349, 99.54000092, 39.32999802
2013-12-08, 21:36:28.887, 617.103, 1, 1, 149.4258728, 99.5430069, 39.34000015
2013-12-08, 21:36:29.836, 618.052, 1, 1, 149.4258728, 99.5430069, 39.36000061
2013-12-08, 21:36:30.837, 619.053, 1, 1, 149.5104218, 99.54200745, 39.36999893
2013-12-08, 21:36:31.889, 620.105, 1, 1, 149.7640839, 99.53900146, 39.37999725
2013-12-08, 21:36:32.837, 621.053, 1, 1, 149.3413239, 99.54400635, 39.39999771
2013-12-08, 21:36:33.846, 622.062, 1, 1, 149.594986, 99.541008, 39.40999985
2013-12-08, 21:36:34.844, 623.06, 1, 1, 149.5104218, 99.54200745, 39.41999817
2013-12-08, 21:36:35.850, 624.066, 1, 1, 149.4258728, 99.5430069, 39.43999863
2013-12-08, 21:36:36.849, 625.065, 1, 1, 149.5104218, 99.54200745, 39.45000076
2013-12-08, 21:36:37.878, 626.094, 1, 1, 149.5104218, 99.54200745, 39.46999741
2013-12-08, 21:36:38.877, 627.093, 1, 1, 149.7640839, 99.53900146, 39.47999954
2013-12-08, 21:36:39.881, 628.097, 1, 1, 149.3413239, 99.54400635, 39.48999786
2013-12-08, 21:36:40.875, 629.091, 1, 1, 149.6795349, 99.54000092, 39.50999832
2013-12-08, 21:36:41.877, 630.093, 1, 1, 149.594986, 99.541008, 39.52000046
2013-12-08, 21:36:42.877, 631.093, 1, 1, 149.6795349, 99.54000092, 39.54000092
2013-12-08, 21:36:43.877, 632.093, 1, 1, 149.6795349, 99.54000092, 39.54000092
2013-12-08, 21:36:44.877, 633.093, 1, 1, 149.7640839, 99.53900146, 39.55999756
2013-12-08, 21:36:45.887, 634.103, 1, 1, 149.594986, 99.541008, 39.56999969
2013-12-08, 21:36:46.879, 635.095, 1, 1, 149.594986, 99.541008, 39.59999847
2013-12-08, 21:36:47.871, 636.087, 1, 1, 149.5104218, 99.54200745, 39.59000015
2013-12-08, 21:36:48.887, 637.103, 1, 1, 149.594986, 99.541008, 39.61999893
2013-12-08, 21:36:49.866, 638.082, 1, 1, 149.5104218, 99.54200745, 39.61999893
2013-12-08, 21:36:50.867, 639.083, 1, 1, 149.6795349, 99.54000092, 39.64999771
2013-12-08, 21:36:51.880, 640.096, 1, 1, 149.6795349, 99.54000092, 39.63999939
2013-12-08, 21:36:52.835, 641.051, 1, 1, 149.594986, 99.541008, 39.65999985
2013-12-08, 21:36:53.825, 642.041, 1, 1, 149.594986, 99.541008, 39.68000031
2013-12-08, 21:36:54.826, 643.042, 1, 1, 149.5104218, 99.54200745, 39.68999863
2013-12-08, 21:36:55.834, 644.05, 1, 1, 149.7640839, 99.53900146, 39.70000076
2013-12-08, 21:36:56.826, 645.042, 1, 1, 149.8486328, 99.53800201, 39.70999908
2013-12-08, 21:36:57.826, 646.042, 1, 1, 149.7640839, 99.53900146, 39.71999741
2013-12-08, 21:36:58.849, 647.065, 1, 1, 149.6795349, 99.54000092, 39.72999954
2013-12-08, 21:36:59.827, 648.043, 1, 1, 149.5104218, 99.54200745, 39.75999832
2013-12-08, 21:37:00.838, 649.054, 1, 1, 149.7640839, 99.53900146, 39.75999832
2013-12-08, 21:37:01.835, 650.051, 1, 1, 149.6795349, 99.54000092, 39.77999878
2013-12-08, 21:37:02.826, 651.042, 1, 1, 149.8486328, 99.53800201, 39.79000092
2013-12-08, 21:37:03.829, 652.045, 1, 1, 149.7640839, 99.53900146, 39.80999756
2013-12-08, 21:37:04.835, 653.051, 1, 1, 149.8486328, 99.53800201, 39.81999969
2013-12-08, 21:37:05.857, 654.073, 1, 1, 149.6795349, 99.54000092, 39.84000015
2013-12-08, 21:37:06.867, 655.083, 1, 1, 149.7640839, 99.53900146, 39.84999847
2013-12-08, 21:37:07.856, 656.072, 1, 1, 149.6795349, 99.54000092, 39.86999893
2013-12-08, 21:37:08.856, 657.072, 1, 1, 149.594986, 99.541008, 39.87999725
2013-12-08, 21:37:09.857, 658.073, 1, 1, 149.7640839, 99.53900146, 39.89999771
2013-12-08, 21:37:10.855, 659.071, 1, 1, 149.7640839, 99.53900146, 39.89999771
2013-12-08, 21:37:11.850, 660.066, 1, 1, 149.4258728, 99.5430069, 39.91999817
2013-12-08, 21:37:12.858, 661.074, 1, 1, 149.8486328, 99.53800201, 39.93000031
2013-12-08, 21:37:13.857, 662.073, 1, 1, 149.594986, 99.541008, 39.93999863
2013-12-08, 21:37:14.857, 663.073, 1, 1, 149.6795349, 99.54000092, 39.95000076
2013-12-08, 21:37:15.851, 664.067, 1, 1, 149.933197, 99.53700256, 39.96999741
2013-12-08, 21:37:16.860, 665.076, 1, 1, 149.7640839, 99.53900146, 39.97999954
2013-12-08, 21:37:17.846, 666.062, 1, 1, 149.7640839, 99.53900146, 39.98999786
2013-12-08, 21:37:18.857, 667.073, 1, 1, 149.933197, 99.53700256, 39.98999786
2013-12-08, 21:37:19.848, 668.064, 1, 1, 149.7640839, 99.53900146,  40
2013-12-08, 21:37:20.847, 669.063, 1, 1, 149.8486328, 99.53800201, 40.00999832
2013-12-08, 21:37:21.856, 670.072, 1, 1, 149.7640839, 99.53900146, 40.04000092
2013-12-08, 21:37:22.846, 671.062, 1, 1, 149.7640839, 99.53900146, 40.04000092
2013-12-08, 21:37:23.850, 672.066, 1, 1, 149.7640839, 99.53900146, 40.04999924
2013-12-08, 21:37:24.788, 673.004, 1, 1, 149.7640839, 99.53900146, 40.06999969
2013-12-08, 21:37:25.847, 674.063, 1, 1, 149.6795349, 99.54000092, 40.07999802
2013-12-08, 21:37:26.787, 675.003, 1, 1, 150.017746, 99.53600311, 40.07999802
2013-12-08, 21:37:27.788, 676.004, 1, 1, 149.6795349, 99.54000092, 40.09999847
2013-12-08, 21:37:28.776, 676.992, 1, 1, 149.933197, 99.53700256, 40.11999893
2013-12-08, 21:37:29.786, 678.002, 1, 1, 149.594986, 99.541008, 40.12999725
2013-12-08, 21:37:30.786, 679.002, 1, 1, 149.5104218, 99.54200745, 40.12999725
2013-12-08, 21:37:31.797, 680.013, 1, 1, 149.6795349, 99.54000092, 40.14999771
2013-12-08, 21:37:32.797, 681.013, 1, 1, 149.933197, 99.53700256, 40.15999985
2013-12-08, 21:37:33.796, 682.012, 1, 1, 149.933197, 99.53700256, 40.18000031
2013-12-08, 21:37:34.797, 683.013, 1, 1, 149.6795349, 99.54000092, 40.18999863
2013-12-08, 21:37:35.798, 684.014, 1, 1, 149.8486328, 99.53800201, 40.20000076
2013-12-08, 21:37:36.827, 685.043, 1, 1, 149.6795349, 99.54000092, 40.20999908
2013-12-08, 21:37:37.835, 686.051, 1, 1, 149.8486328, 99.53800201, 40.21999741
2013-12-08, 21:37:38.837, 687.053, 1, 1, 149.8486328, 99.53800201, 40.21999741
2013-12-08, 21:37:39.841, 688.057, 1, 1, 149.933197, 99.53700256, 40.23999786
2013-12-08, 21:37:40.835, 689.051, 1, 1, 150.1022949, 99.53500366, 40.25
2013-12-08, 21:37:41.826, 690.042, 1, 1, 149.933197, 99.53700256, 40.25999832
2013-12-08, 21:37:42.837, 691.053, 1, 1, 149.6795349, 99.54000092, 40.27000046
2013-12-08, 21:37:43.837, 692.053, 1, 1, 149.8486328, 99.53800201, 40.27999878
2013-12-08, 21:37:44.826, 693.042, 1, 1, 149.8486328, 99.53800201, 40.29000092
2013-12-08, 21:37:45.836, 694.052, 1, 1, 149.933197, 99.53700256, 40.30999756
2013-12-08, 21:37:46.835, 695.051, 1, 1, 150.017746, 99.53600311, 40.30999756
2013-12-08, 21:37:47.829, 696.045, 1, 1, 149.8486328, 99.53800201, 40.32999802
2013-12-08, 21:37:48.826, 697.042, 1, 1, 149.933197, 99.53700256, 40.34000015
2013-12-08, 21:37:49.837, 698.053, 1, 1, 149.7640839, 99.53900146, 40.34999847
2013-12-08, 21:37:50.826, 699.042, 1, 1, 149.7640839, 99.53900146, 40.36999893
2013-12-08, 21:37:51.831, 700.047, 1, 1, 150.017746, 99.53600311, 40.36000061
2013-12-08, 21:37:52.835, 701.051, 1, 1, 149.933197, 99.53700256, 40.37999725
2013-12-08, 21:37:53.757, 701.973, 1, 1, 150.017746, 99.53600311, 40.38999939
2013-12-08, 21:37:54.754, 702.97, 1, 1, 149.8486328, 99.53800201, 40.40999985
2013-12-08, 21:37:55.769, 703.985, 1, 1, 150.017746, 99.53600311, 40.43000031
2013-12-08, 21:37:56.762, 704.978, 1, 1, 150.1868439, 99.53400421, 40.43000031
2013-12-08, 21:37:57.767, 705.983, 1, 1, 150.017746, 99.53600311, 40.43999863
2013-12-08, 21:37:58.761, 706.977, 1, 1, 150.017746, 99.53600311, 40.45000076
2013-12-08, 21:37:59.767, 707.983, 1, 1, 149.933197, 99.53700256, 40.45999908
2013-12-08, 21:38:00.768, 708.984, 1, 1, 150.017746, 99.53600311, 40.47999954
2013-12-08, 21:38:01.767, 709.983, 1, 1, 150.1022949, 99.53500366, 40.47999954
2013-12-08, 21:38:02.775, 710.991, 1, 1, 150.017746, 99.53600311, 40.48999786
2013-12-08, 21:38:03.783, 711.999, 1, 1, 149.8486328, 99.53800201, 40.5
2013-12-08, 21:38:04.776, 712.992, 1, 1, 149.8486328, 99.53800201, 40.52000046
2013-12-08, 21:38:05.781, 713.997, 1, 1, 149.8486328, 99.53800201, 40.52999878
2013-12-08, 21:38:06.828, 715.044, 1, 1, 150.1022949, 99.53500366, 40.54000092
2013-12-08, 21:38:07.834, 716.05, 1, 1, 150.1868439, 99.53400421, 40.54999924
2013-12-08, 21:38:08.824, 717.04, 1, 1, 150.1022949, 99.53500366, 40.54999924
2013-12-08, 21:38:09.828, 718.044, 1, 1, 150.1022949, 99.53500366, 40.55999756
2013-12-08, 21:38:10.831, 719.047, 1, 1, 150.1868439, 99.53400421, 40.57999802
2013-12-08, 21:38:11.832, 720.048, 1, 1, 150.017746, 99.53600311, 40.59000015
2013-12-08, 21:38:12.830, 721.046, 1, 1, 150.355957, 99.53200531, 40.59999847
2013-12-08, 21:38:13.838, 722.054, 1, 1, 150.1022949, 99.53500366, 40.61000061
2013-12-08, 21:38:14.824, 723.04, 1, 1, 149.8486328, 99.53800201, 40.61000061
2013-12-08, 21:38:15.825, 724.041, 1, 1, 150.1022949, 99.53500366, 40.62999725
2013-12-08, 21:38:16.802, 725.018, 1, 1, 149.8486328, 99.53800201, 40.63999939
2013-12-08, 21:38:17.810, 726.026, 1, 1, 149.933197, 99.53700256, 40.64999771
2013-12-08, 21:38:18.827, 727.043, 1, 1, 150.6096191, 99.52900696, 40.64999771
2013-12-08, 21:38:19.798, 728.014, 1, 1, 150.1868439, 99.53400421, 40.66999817
2013-12-08, 21:38:20.797, 729.013, 1, 1, 150.1022949, 99.53500366, 40.68999863
2013-12-08, 21:38:21.803, 730.019, 1, 1, 150.017746, 99.53600311, 40.68999863
2013-12-08, 21:38:22.738, 730.954, 1, 1, 150.440506, 99.53100586, 40.71999741
2013-12-08, 21:38:23.741, 731.957, 1, 1, 150.2714081, 99.53300476, 40.71999741
2013-12-08, 21:38:24.747, 732.963, 1, 1, 150.440506, 99.53100586, 40.72999954
2013-12-08, 21:38:25.746, 733.962, 1, 1, 150.1868439, 99.53400421, 40.72999954
2013-12-08, 21:38:26.742, 734.958, 1, 1, 150.1022949, 99.53500366, 40.75
2013-12-08, 21:38:27.742, 735.958, 1, 1, 150.355957, 99.53200531, 40.75999832
2013-12-08, 21:38:28.753, 736.969, 1, 1, 150.355957, 99.53200531, 40.75999832
2013-12-08, 21:38:29.756, 737.972, 1, 1, 150.2714081, 99.53300476, 40.77000046
2013-12-08, 21:38:30.755, 738.971, 1, 1, 150.1868439, 99.53400421, 40.77999878
2013-12-08, 21:38:31.761, 739.977, 1, 1, 150.1022949, 99.53500366, 40.79000092
2013-12-08, 21:38:32.759, 740.975, 1, 1, 150.2714081, 99.53300476, 40.79999924
2013-12-08, 21:38:33.794, 742.01, 1, 1, 150.1868439, 99.53400421, 40.81999969
2013-12-08, 21:38:34.789, 743.005, 1, 1, 150.1868439, 99.53400421, 40.82999802
2013-12-08, 21:38:35.786, 744.002, 1, 1, 150.440506, 99.53100586, 40.84000015
2013-12-08, 21:38:36.788, 745.004, 1, 1, 150.2714081, 99.53300476, 40.84999847
2013-12-08, 21:38:37.794, 746.01, 1, 1, 150.2714081, 99.53300476, 40.86000061
2013-12-08, 21:38:38.781, 746.997, 1, 1, 150.1868439, 99.53400421, 40.86000061
2013-12-08, 21:38:39.785, 748.001, 1, 1, 150.355957, 99.53200531, 40.86000061
2013-12-08, 21:38:40.788, 749.004, 1, 1, 150.1022949, 99.53500366, 40.87999725
2013-12-08, 21:38:41.785, 750.001, 1, 1, 150.355957, 99.53200531, 40.88999939
2013-12-08, 21:38:42.788, 751.004, 1, 1, 150.2714081, 99.53300476, 40.90999985
2013-12-08, 21:38:43.787, 752.003, 1, 1, 150.1868439, 99.53400421, 40.90999985
2013-12-08, 21:38:44.784, 753, 1, 1, 150.2714081, 99.53300476, 40.93000031
2013-12-08, 21:38:46.790, 755.006, 1, 1, 150.355957, 99.53200531, 40.93999863
2013-12-08, 21:38:47.778, 755.994, 1, 1, 150.355957, 99.53200531, 40.93999863
2013-12-08, 21:38:48.776, 756.992, 1, 1, 150.355957, 99.53200531, 40.95000076
2013-12-08, 21:38:49.739, 757.955, 1, 1, 150.440506, 99.53100586, 40.96999741
2013-12-08, 21:38:50.778, 758.994, 1, 1, 150.1868439, 99.53400421, 40.97999954
2013-12-08, 21:38:51.726, 759.942, 1, 1, 150.2714081, 99.53300476, 40.98999786
2013-12-08, 21:38:52.727, 760.943, 1, 1, 150.2714081, 99.53300476, 40.98999786
2013-12-08, 21:38:53.778, 761.994, 1, 1, 150.1868439, 99.53400421, 41.00999832
2013-12-08, 21:38:54.725, 762.941, 1, 1, 150.355957, 99.53200531, 41.00999832
2013-12-08, 21:38:55.738, 763.954, 1, 1, 150.1022949, 99.53500366, 41.02999878
2013-12-08, 21:38:56.737, 764.953, 1, 1, 150.2714081, 99.53300476, 41.04000092
2013-12-08, 21:38:57.726, 765.942, 1, 1, 150.2714081, 99.53300476, 41.04000092
2013-12-08, 21:38:58.727, 766.943, 1, 1, 150.2714081, 99.53300476, 41.04999924
2013-12-08, 21:38:59.757, 767.973, 1, 1, 150.440506, 99.53100586, 41.05999756
2013-12-08, 21:39:00.735, 768.951, 1, 1, 150.355957, 99.53200531, 41.06999969
2013-12-08, 21:39:01.738, 769.954, 1, 1, 150.2714081, 99.53300476, 41.07999802
2013-12-08, 21:39:02.740, 770.956, 1, 1, 150.5250549, 99.53000641, 41.07999802
2013-12-08, 21:39:03.769, 771.985, 1, 1, 150.2714081, 99.53300476, 41.09000015
2013-12-08, 21:39:04.777, 772.993, 1, 1, 150.355957, 99.53200531, 41.11000061
2013-12-08, 21:39:05.773, 773.989, 1, 1, 150.440506, 99.53100586, 41.11999893
2013-12-08, 21:39:06.768, 774.984, 1, 1, 150.355957, 99.53200531, 41.11999893
2013-12-08, 21:39:07.775, 775.991, 1, 1, 150.440506, 99.53100586, 41.12999725
2013-12-08, 21:39:08.772, 776.988, 1, 1, 150.017746, 99.53600311, 41.13999939
2013-12-08, 21:39:09.759, 777.975, 1, 1, 150.5250549, 99.53000641, 41.14999771
2013-12-08, 21:39:10.767, 778.983, 1, 1, 150.2714081, 99.53300476, 41.15999985
2013-12-08, 21:39:11.757, 779.973, 1, 1, 150.2714081, 99.53300476, 41.15999985
2013-12-08, 21:39:12.760, 780.976, 1, 1, 150.2714081, 99.53300476, 41.18000031
2013-12-08, 21:39:13.767, 781.983, 1, 1, 150.355957, 99.53200531, 41.18000031
2013-12-08, 21:39:14.762, 782.978, 1, 1, 150.5250549, 99.53000641, 41.18999863
2013-12-08, 21:39:15.758, 783.974, 1, 1, 150.2714081, 99.53300476, 41.18999863
2013-12-08, 21:39:16.767, 784.983, 1, 1, 150.1868439, 99.53400421, 41.20000076
2013-12-08, 21:39:17.697, 785.913, 1, 1, 150.1022949, 99.53500366, 41.22999954
2013-12-08, 21:39:18.704, 786.92, 1, 1, 150.355957, 99.53200531, 41.22999954
2013-12-08, 21:39:19.702, 787.918, 1, 1, 150.2714081, 99.53300476, 41.23999786
2013-12-08, 21:39:20.697, 788.913, 1, 1, 150.2714081, 99.53300476, 41.25
2013-12-08, 21:39:21.695, 789.911, 1, 1, 150.2714081, 99.53300476, 41.25999832
2013-12-08, 21:39:22.698, 790.914, 1, 1, 150.440506, 99.53100586, 41.27000046
2013-12-08, 21:39:23.697, 791.913, 1, 1, 150.355957, 99.53200531, 41.27999878
2013-12-08, 21:39:24.699, 792.915, 1, 1, 150.355957, 99.53200531, 41.29000092
2013-12-08, 21:39:25.720, 793.936, 1, 1, 150.5250549, 99.53000641, 41.29000092
2013-12-08, 21:39:26.723, 794.939, 1, 1, 150.1868439, 99.53400421, 41.30999756
2013-12-08, 21:39:27.725, 795.941, 1, 1, 150.355957, 99.53200531, 41.29999924
2013-12-08, 21:39:28.726, 796.942, 1, 1, 150.440506, 99.53100586, 41.31999969
2013-12-08, 21:39:29.732, 797.948, 1, 1, 150.1868439, 99.53400421, 41.32999802
2013-12-08, 21:39:30.748, 798.964, 1, 1, 150.1868439, 99.53400421, 41.34000015
2013-12-08, 21:39:31.752, 799.968, 1, 1, 150.017746, 99.53600311, 41.34999847
2013-12-08, 21:39:32.749, 800.965, 1, 1, 150.1868439, 99.53400421, 41.34999847
2013-12-08, 21:39:33.742, 801.958, 1, 1, 150.440506, 99.53100586, 41.36000061
2013-12-08, 21:39:34.752, 802.968, 1, 1, 150.017746, 99.53600311, 41.37999725
2013-12-08, 21:39:35.744, 803.96, 1, 1, 150.1868439, 99.53400421, 41.36999893
2013-12-08, 21:39:36.744, 804.96, 1, 1, 150.2714081, 99.53300476, 41.38999939
2013-12-08, 21:39:37.743, 805.959, 1, 1, 150.2714081, 99.53300476, 41.39999771
2013-12-08, 21:39:38.748, 806.964, 1, 1, 150.355957, 99.53200531, 41.39999771
2013-12-08, 21:39:39.745, 807.961, 1, 1, 150.355957, 99.53200531, 41.41999817
2013-12-08, 21:39:41.737, 809.953, 1, 1, 150.2714081, 99.53300476, 41.43999863
2013-12-08, 21:39:42.737, 810.953, 1, 1, 150.5250549, 99.53000641, 41.43999863
2013-12-08, 21:39:43.747, 811.963, 1, 1, 150.355957, 99.53200531, 41.45000076
2013-12-08, 21:39:44.740, 812.956, 1, 1, 150.355957, 99.53200531, 41.45999908
2013-12-08, 21:39:45.738, 813.954, 1, 1, 150.355957, 99.53200531, 41.45999908
2013-12-08, 21:39:46.732, 814.948, 1, 1, 150.2714081, 99.53300476, 41.47999954
2013-12-08, 21:39:47.741, 815.957, 1, 1, 150.2714081, 99.53300476, 41.48999786
2013-12-08, 21:39:48.738, 816.954, 1, 1, 150.5250549, 99.53000641, 41.48999786
2013-12-08, 21:39:49.674, 817.89, 1, 1, 150.6941681, 99.52800751, 41.5
2013-12-08, 21:39:50.667, 818.883, 1, 1, 150.6096191, 99.52900696, 41.50999832
2013-12-08, 21:39:51.682, 819.898, 1, 1, 150.2714081, 99.53300476, 41.52000046
2013-12-08, 21:39:52.679, 820.895, 1, 1, 150.2714081, 99.53300476, 41.52999878
2013-12-08, 21:39:53.677, 821.893, 1, 1, 150.2714081, 99.53300476, 41.54000092
2013-12-08, 21:39:54.676, 822.892, 1, 1, 150.440506, 99.53100586, 41.54000092
2013-12-08, 21:39:55.680, 823.896, 1, 1, 150.355957, 99.53200531, 41.54000092
2013-12-08, 21:39:56.686, 824.902, 1, 1, 150.355957, 99.53200531, 41.54999924
2013-12-08, 21:39:57.685, 825.901, 1, 1, 150.355957, 99.53200531, 41.55999756
2013-12-08, 21:39:58.691, 826.907, 1, 1, 150.355957, 99.53200531, 41.55999756
2013-12-08, 21:39:59.689, 827.905, 1, 1, 150.355957, 99.53200531, 41.59000015
2013-12-08, 21:40:00.731, 828.947, 1, 1, 150.1868439, 99.53400421, 41.57999802
2013-12-08, 21:40:01.728, 829.944, 1, 1, 150.440506, 99.53100586, 41.59999847
2013-12-08, 21:40:02.732, 830.948, 1, 1, 150.355957, 99.53200531, 41.61000061
2013-12-08, 21:40:03.726, 831.942, 1, 1, 150.2714081, 99.53300476, 41.61999893
2013-12-08, 21:40:04.726, 832.942, 1, 1, 150.355957, 99.53200531, 41.62999725
2013-12-08, 21:40:05.736, 833.952, 1, 1, 150.440506, 99.53100586, 41.61999893
2013-12-08, 21:40:06.728, 834.944, 1, 1, 150.6096191, 99.52900696, 41.63999939
2013-12-08, 21:40:07.730, 835.946, 1, 1, 150.5250549, 99.53000641, 41.63999939
2013-12-08, 21:40:08.734, 836.95, 1, 1, 150.355957, 99.53200531, 41.64999771
2013-12-08, 21:40:09.730, 837.946, 1, 1, 150.2714081, 99.53300476, 41.65999985
2013-12-08, 21:40:10.736, 838.952, 1, 1, 150.355957, 99.53200531, 41.65999985
2013-12-08, 21:40:11.733, 839.949, 1, 1, 150.440506, 99.53100586, 41.66999817
2013-12-08, 21:40:12.724, 840.94, 1, 1, 150.440506, 99.53100586, 41.66999817
2013-12-08, 21:40:13.727, 841.943, 1, 1, 150.5250549, 99.53000641, 41.68999863
2013-12-08, 21:40:14.729, 842.945, 1, 1, 150.5250549, 99.53000641, 41.70000076
2013-12-08, 21:40:15.721, 843.937, 1, 1, 150.355957, 99.53200531, 41.70000076
2013-12-08, 21:40:16.656, 844.872, 1, 1, 150.355957, 99.53200531, 41.71999741
2013-12-08, 21:40:18.649, 846.865, 1, 1, 150.6096191, 99.52900696, 41.72999954
2013-12-08, 21:40:19.647, 847.863, 1, 1, 150.440506, 99.53100586, 41.73999786
2013-12-08, 21:40:20.644, 848.86, 1, 1, 150.863266, 99.52600098, 41.73999786
2013-12-08, 21:40:21.654, 849.87, 1, 1, 150.5250549, 99.53000641, 41.75
2013-12-08, 21:40:22.648, 850.864, 1, 1, 150.5250549, 99.53000641, 41.75
2013-12-08, 21:40:23.657, 851.873, 1, 1, 150.6096191, 99.52900696, 41.75999832
2013-12-08, 21:40:24.661, 852.877, 1, 1, 150.6096191, 99.52900696, 41.77000046
2013-12-08, 21:40:25.658, 853.874, 1, 1, 150.5250549, 99.53000641, 41.77000046
2013-12-08, 21:40:26.657, 854.873, 1, 1, 150.6941681, 99.52800751, 41.77999878
2013-12-08, 21:40:27.666, 855.882, 1, 1, 150.5250549, 99.53000641, 41.79000092
2013-12-08, 21:40:28.665, 856.881, 1, 1, 150.440506, 99.53100586, 41.79999924
2013-12-08, 21:40:29.670, 857.886, 1, 1, 150.5250549, 99.53000641, 41.80999756
2013-12-08, 21:40:30.700, 858.916, 1, 1, 150.5250549, 99.53000641, 41.80999756
2013-12-08, 21:40:31.738, 859.954, 1, 1, 150.5250549, 99.53000641, 41.80999756
2013-12-08, 21:40:32.703, 860.919, 1, 1, 150.5250549, 99.53000641, 41.82999802
2013-12-08, 21:40:33.699, 861.915, 1, 1, 150.355957, 99.53200531, 41.84000015
2013-12-08, 21:40:34.699, 862.915, 1, 1, 150.355957, 99.53200531, 41.84000015
2013-12-08, 21:40:35.700, 863.916, 1, 1, 150.5250549, 99.53000641, 41.84999847
2013-12-08, 21:40:36.700, 864.916, 1, 1, 150.355957, 99.53200531, 41.86000061
2013-12-08, 21:40:37.690, 865.906, 1, 1, 150.440506, 99.53100586, 41.86999893
2013-12-08, 21:40:38.696, 866.912, 1, 1, 150.355957, 99.53200531, 41.86000061
2013-12-08, 21:40:39.696, 867.912, 1, 1, 150.5250549, 99.53000641, 41.87999725
2013-12-08, 21:40:40.690, 868.906, 1, 1, 150.440506, 99.53100586, 41.88999939
2013-12-08, 21:40:41.702, 869.918, 1, 1, 150.440506, 99.53100586, 41.88999939
2013-12-08, 21:40:42.692, 870.908, 1, 1, 150.5250549, 99.53000641, 41.88999939
2013-12-08, 21:40:43.688, 871.904, 1, 1, 150.355957, 99.53200531, 41.89999771
2013-12-08, 21:40:44.697, 872.913, 1, 1, 150.440506, 99.53100586, 41.90999985
2013-12-08, 21:40:45.694, 873.91, 1, 1, 150.355957, 99.53200531, 41.91999817
2013-12-08, 21:40:46.686, 874.902, 1, 1, 150.440506, 99.53100586, 41.91999817
2013-12-08, 21:40:47.688, 875.904, 1, 1, 150.355957, 99.53200531, 41.91999817
2013-12-08, 21:40:48.639, 876.855, 1, 1, 150.5250549, 99.53000641, 41.93999863
2013-12-08, 21:40:49.629, 877.845, 1, 1, 150.440506, 99.53100586, 41.95000076
2013-12-08, 21:40:50.628, 878.844, 1, 1, 150.440506, 99.53100586, 41.95000076
2013-12-08, 21:40:51.626, 879.842, 1, 1, 150.440506, 99.53100586, 41.95999908
2013-12-08, 21:40:52.677, 880.893, 1, 1, 150.440506, 99.53100586, 41.96999741
2013-12-08, 21:40:53.626, 881.842, 1, 1, 150.440506, 99.53100586, 41.96999741
2013-12-08, 21:40:54.685, 882.901, 1, 1, 150.2714081, 99.53300476, 41.96999741
2013-12-08, 21:40:55.677, 883.893, 1, 1, 150.440506, 99.53100586, 41.98999786
2013-12-08, 21:40:56.642, 884.858, 1, 1, 150.2714081, 99.53300476,  42
2013-12-08, 21:40:57.641, 885.857, 1, 1, 150.355957, 99.53200531,  42
2013-12-08, 21:40:58.642, 886.858, 1, 1, 150.778717, 99.52700806,  42
2013-12-08, 21:40:59.646, 887.862, 1, 1, 150.2714081, 99.53300476, 42.02000046
2013-12-08, 21:41:00.643, 888.859, 1, 1, 150.440506, 99.53100586, 42.02000046
2013-12-08, 21:41:01.679, 889.895, 1, 1, 150.6096191, 99.52900696, 42.02000046
2013-12-08, 21:41:02.681, 890.897, 1, 1, 150.6096191, 99.52900696, 42.04000092
2013-12-08, 21:41:03.683, 891.899, 1, 1, 150.355957, 99.53200531, 42.04000092
2013-12-08, 21:41:04.670, 892.886, 1, 1, 150.6096191, 99.52900696, 42.04999924
2013-12-08, 21:41:05.678, 893.894, 1, 1, 150.1868439, 99.53400421, 42.04000092
2013-12-08, 21:41:06.672, 894.888, 1, 1, 150.6941681, 99.52800751, 42.05999756
2013-12-08, 21:41:07.672, 895.888, 1, 1, 150.355957, 99.53200531, 42.06999969
2013-12-08, 21:41:08.679, 896.895, 1, 1, 150.5250549, 99.53000641, 42.05999756
2013-12-08, 21:41:09.669, 897.885, 1, 1, 150.6096191, 99.52900696, 42.06999969
2013-12-08, 21:41:10.665, 898.881, 1, 1, 150.440506, 99.53100586, 42.09000015
2013-12-08, 21:41:11.670, 899.886, 1, 1, 150.5250549, 99.53000641, 42.09000015
2013-12-08, 21:41:12.669, 900.885, 1, 1, 150.5250549, 99.53000641, 42.09999847
2013-12-08, 21:41:13.667, 901.883, 1, 1, 150.6941681, 99.52800751, 42.11000061
2013-12-08, 21:41:14.668, 902.884, 1, 1, 150.440506, 99.53100586, 42.11999893
2013-12-08, 21:41:15.671, 903.887, 1, 1, 150.355957, 99.53200531, 42.11999893
2013-12-08, 21:41:16.659, 904.875, 1, 1, 150.440506, 99.53100586, 42.11999893
2013-12-08, 21:41:17.669, 905.885, 1, 1, 150.440506, 99.53100586, 42.12999725
2013-12-08, 21:41:18.670, 906.886, 1, 1, 150.355957, 99.53200531, 42.13999939
2013-12-08, 21:41:19.656, 907.872, 1, 1, 150.5250549, 99.53000641, 42.13999939
2013-12-08, 21:41:20.593, 908.809, 1, 1, 150.6096191, 99.52900696, 42.13999939
2013-12-08, 21:41:21.598, 909.814, 1, 1, 150.6941681, 99.52800751, 42.15999985
2013-12-08, 21:41:22.597, 910.813, 1, 1, 150.440506, 99.53100586, 42.16999817
2013-12-08, 21:41:23.626, 911.842, 1, 1, 150.6096191, 99.52900696, 42.16999817
2013-12-08, 21:41:24.602, 912.818, 1, 1, 150.440506, 99.53100586, 42.18000031
2013-12-08, 21:41:25.595, 913.811, 1, 1, 150.6096191, 99.52900696, 42.18000031
2013-12-08, 21:41:26.598, 914.814, 1, 1, 150.440506, 99.53100586, 42.18999863
2013-12-08, 21:41:27.599, 915.815, 1, 1, 150.440506, 99.53100586, 42.18999863
2013-12-08, 21:41:28.614, 916.83, 1, 1, 150.778717, 99.52700806, 42.20999908
2013-12-08, 21:41:29.626, 917.842, 1, 1, 150.6941681, 99.52800751, 42.20999908
2013-12-08, 21:41:30.631, 918.847, 1, 1, 150.355957, 99.53200531, 42.20999908
2013-12-08, 21:41:31.628, 919.844, 1, 1, 150.440506, 99.53100586, 42.21999741
2013-12-08, 21:41:32.629, 920.845, 1, 1, 150.6941681, 99.52800751, 42.22999954
2013-12-08, 21:41:33.650, 921.866, 1, 1, 150.6941681, 99.52800751, 42.22999954
2013-12-08, 21:41:34.644, 922.86, 1, 1, 150.5250549, 99.53000641, 42.25
2013-12-08, 21:41:35.656, 923.872, 1, 1, 150.6941681, 99.52800751, 42.25
2013-12-08, 21:41:36.657, 924.873, 1, 1, 150.778717, 99.52700806, 42.25
2013-12-08, 21:41:37.646, 925.862, 1, 1, 150.5250549, 99.53000641, 42.25
2013-12-08, 21:41:38.652, 926.868, 1, 1, 150.6096191, 99.52900696, 42.27000046
2013-12-08, 21:41:39.643, 927.859, 1, 1, 150.5250549, 99.53000641, 42.27000046
2013-12-08, 21:41:40.646, 928.862, 1, 1, 150.5250549, 99.53000641, 42.27999878
2013-12-08, 21:41:41.654, 929.87, 1, 1, 150.5250549, 99.53000641, 42.27999878
2013-12-08, 21:41:42.653, 930.869, 1, 1, 150.5250549, 99.53000641, 42.29000092
2013-12-08, 21:41:43.637, 931.853, 1, 1, 150.6941681, 99.52800751, 42.29000092
2013-12-08, 21:41:44.642, 932.858, 1, 1, 150.440506, 99.53100586, 42.29999924
2013-12-08, 21:41:45.646, 933.862, 1, 1, 150.5250549, 99.53000641, 42.29999924
2013-12-08, 21:41:46.636, 934.852, 1, 1, 150.6096191, 99.52900696, 42.31999969
2013-12-08, 21:41:47.647, 935.863, 1, 1, 150.5250549, 99.53000641, 42.31999969
2013-12-08, 21:41:48.574, 936.79, 1, 1, 150.778717, 99.52700806, 42.31999969
2013-12-08, 21:41:49.572, 937.788, 1, 1, 150.6096191, 99.52900696, 42.32999802
2013-12-08, 21:41:50.577, 938.793, 1, 1, 150.355957, 99.53200531, 42.31999969
2013-12-08, 21:41:51.571, 939.787, 1, 1, 150.5250549, 99.53000641, 42.34000015
2013-12-08, 21:41:52.575, 940.791, 1, 1, 150.440506, 99.53100586, 42.34999847
2013-12-08, 21:41:53.583, 941.799, 1, 1, 150.778717, 99.52700806, 42.34999847
2013-12-08, 21:41:54.576, 942.792, 1, 1, 150.6941681, 99.52800751, 42.34999847
2013-12-08, 21:41:55.580, 943.796, 1, 1, 150.5250549, 99.53000641, 42.36000061
2013-12-08, 21:41:56.581, 944.797, 1, 1, 150.6096191, 99.52900696, 42.36000061
2013-12-08, 21:41:57.580, 945.796, 1, 1, 150.6941681, 99.52800751, 42.37999725
2013-12-08, 21:41:58.586, 946.802, 1, 1, 150.6096191, 99.52900696, 42.37999725
2013-12-08, 21:41:59.590, 947.806, 1, 1, 150.6096191, 99.52900696, 42.36999893
2013-12-08, 21:42:00.592, 948.808, 1, 1, 150.6096191, 99.52900696, 42.37999725
2013-12-08, 21:42:01.597, 949.813, 1, 1, 150.6941681, 99.52800751, 42.39999771
2013-12-08, 21:42:02.593, 950.809, 1, 1, 150.6096191, 99.52900696, 42.39999771
2013-12-08, 21:42:03.637, 951.853, 1, 1, 150.440506, 99.53100586, 42.40999985
2013-12-08, 21:42:04.627, 952.843, 1, 1, 150.5250549, 99.53000641, 42.41999817
2013-12-08, 21:42:05.627, 953.843, 1, 1, 150.6096191, 99.52900696, 42.41999817
2013-12-08, 21:42:06.640, 954.856, 1, 1, 150.6096191, 99.52900696, 42.41999817
2013-12-08, 21:42:07.627, 955.843, 1, 1, 150.5250549, 99.53000641, 42.43000031
2013-12-08, 21:42:08.627, 956.843, 1, 1, 150.440506, 99.53100586, 42.43999863
2013-12-08, 21:42:09.635, 957.851, 1, 1, 150.5250549, 99.53000641, 42.45000076
2013-12-08, 21:42:10.626, 958.842, 1, 1, 150.5250549, 99.53000641, 42.45999908
2013-12-08, 21:42:11.626, 959.842, 1, 1, 150.355957, 99.53200531, 42.45000076
2013-12-08, 21:42:12.635, 960.851, 1, 1, 150.6941681, 99.52800751, 42.45000076
2013-12-08, 21:42:13.628, 961.844, 1, 1, 150.6096191, 99.52900696, 42.46999741
2013-12-08, 21:42:14.637, 962.853, 1, 1, 150.6096191, 99.52900696, 42.46999741
2013-12-08, 21:42:15.633, 963.849, 1, 1, 150.778717, 99.52700806, 42.47999954
2013-12-08, 21:42:16.633, 964.849, 1, 1, 150.778717, 99.52700806, 42.48999786
2013-12-08, 21:42:17.621, 965.837, 1, 1, 150.778717, 99.52700806, 42.47999954
2013-12-08, 21:42:18.554, 966.77, 1, 1, 150.9478302, 99.52500153, 42.48999786
2013-12-08, 21:42:19.558, 967.774, 1, 1, 150.6941681, 99.52800751, 42.50999832
2013-12-08, 21:42:20.548, 968.764, 1, 1, 150.6941681, 99.52800751, 42.50999832
2013-12-08, 21:42:21.557, 969.773, 1, 1, 150.6941681, 99.52800751, 42.50999832
2013-12-08, 21:42:22.557, 970.773, 1, 1, 150.5250549, 99.53000641, 42.52000046
2013-12-08, 21:42:23.559, 971.775, 1, 1, 150.5250549, 99.53000641, 42.52000046
2013-12-08, 21:42:24.564, 972.78, 1, 1, 150.6941681, 99.52800751, 42.52000046
2013-12-08, 21:42:25.568, 973.784, 1, 1, 150.5250549, 99.53000641, 42.54000092
2013-12-08, 21:42:26.569, 974.785, 1, 1, 150.6941681, 99.52800751, 42.54000092
2013-12-08, 21:42:27.574, 975.79, 1, 1, 150.778717, 99.52700806, 42.54999924
2013-12-08, 21:42:28.576, 976.792, 1, 1, 150.6941681, 99.52800751, 42.55999756
2013-12-08, 21:42:29.634, 977.85, 1, 1, 150.863266, 99.52600098, 42.54999924
2013-12-08, 21:42:30.603, 978.819, 1, 1, 150.778717, 99.52700806, 42.54999924
2013-12-08, 21:42:31.620, 979.836, 1, 1, 150.9478302, 99.52500153, 42.56999969
2013-12-08, 21:42:32.626, 980.842, 1, 1, 150.863266, 99.52600098, 42.56999969
2013-12-08, 21:42:33.634, 981.85, 1, 1, 150.6941681, 99.52800751, 42.57999802
2013-12-08, 21:42:34.595, 982.811, 1, 1, 150.9478302, 99.52500153, 42.59000015
2013-12-08, 21:42:35.627, 983.843, 1, 1, 150.6941681, 99.52800751, 42.57999802
2013-12-08, 21:42:36.599, 984.815, 1, 1, 150.778717, 99.52700806, 42.57999802
2013-12-08, 21:42:37.603, 985.819, 1, 1, 150.778717, 99.52700806, 42.59999847
2013-12-08, 21:42:38.599, 986.815, 1, 1, 150.6941681, 99.52800751, 42.59999847
2013-12-08, 21:42:39.603, 987.819, 1, 1, 150.6941681, 99.52800751, 42.61000061
2013-12-08, 21:42:40.601, 988.817, 1, 1, 150.863266, 99.52600098, 42.61999893
2013-12-08, 21:42:41.597, 989.813, 1, 1, 150.863266, 99.52600098, 42.61000061
2013-12-08, 21:42:42.598, 990.814, 1, 1, 150.778717, 99.52700806, 42.61000061
2013-12-08, 21:42:43.600, 991.816, 1, 1, 150.6096191, 99.52900696, 42.63999939
2013-12-08, 21:42:44.527, 992.743, 1, 1, 150.863266, 99.52600098, 42.62999725
2013-12-08, 21:42:45.593, 993.809, 1, 1, 150.863266, 99.52600098, 42.63999939
2013-12-08, 21:42:46.540, 994.756, 1, 1, 150.778717, 99.52700806, 42.64999771
2013-12-08, 21:42:47.587, 995.803, 1, 1, 150.778717, 99.52700806, 42.64999771
2013-12-08, 21:42:48.530, 996.746, 1, 1, 150.9478302, 99.52500153, 42.64999771
2013-12-08, 21:42:49.586, 997.802, 1, 1, 150.778717, 99.52700806, 42.65999985
2013-12-08, 21:42:50.535, 998.751, 1, 1, 150.863266, 99.52600098, 42.65999985
2013-12-08, 21:42:51.538, 999.754, 1, 1, 150.778717, 99.52700806, 42.68000031
2013-12-08, 21:42:52.538, 1000.75, 1, 1, 150.6941681, 99.52800751, 42.68000031
2013-12-08, 21:42:53.543, 1001.76, 1, 1, 150.863266, 99.52600098, 42.68999863
2013-12-08, 21:42:54.548, 1002.76, 1, 1, 150.778717, 99.52700806, 42.68999863
2013-12-08, 21:42:55.580, 1003.8, 1, 1, 150.863266, 99.52600098, 42.70000076
2013-12-08, 21:42:56.554, 1004.77, 1, 1, 150.5250549, 99.53000641, 42.68999863
2013-12-08, 21:42:57.583, 1005.8, 1, 1, 150.863266, 99.52600098, 42.70000076
2013-12-08, 21:42:58.588, 1006.8, 1, 1, 150.6941681, 99.52800751, 42.70999908
2013-12-08, 21:42:59.577, 1007.79, 1, 1, 151.0323792, 99.52400208, 42.70999908
2013-12-08, 21:43:00.578, 1008.79, 1, 1, 150.778717, 99.52700806, 42.70999908
2013-12-08, 21:43:01.575, 1009.79, 1, 1, 150.863266, 99.52600098, 42.71999741
2013-12-08, 21:43:02.583, 1010.8, 1, 1, 150.9478302, 99.52500153, 42.72999954
2013-12-08, 21:43:03.590, 1011.81, 1, 1, 150.6941681, 99.52800751, 42.72999954
2013-12-08, 21:43:04.576, 1012.79, 1, 1, 150.6941681, 99.52800751, 42.73999786
2013-12-08, 21:43:05.577, 1013.79, 1, 1, 150.5250549, 99.53000641, 42.75
2013-12-08, 21:43:06.579, 1014.79, 1, 1, 150.778717, 99.52700806, 42.75
2013-12-08, 21:43:07.579, 1015.79, 1, 1, 150.9478302, 99.52500153, 42.75
2013-12-08, 21:43:08.573, 1016.79, 1, 1, 150.6096191, 99.52900696, 42.77000046
2013-12-08, 21:43:09.579, 1017.79, 1, 1, 150.863266, 99.52600098, 42.77000046
2013-12-08, 21:43:10.576, 1018.79, 1, 1, 150.863266, 99.52600098, 42.77999878
2013-12-08, 21:43:11.576, 1019.79, 1, 1, 150.863266, 99.52600098, 42.77999878
2013-12-08, 21:43:12.572, 1020.79, 1, 1, 150.778717, 99.52700806, 42.77000046
2013-12-08, 21:43:13.529, 1021.75, 1, 1, 150.778717, 99.52700806, 42.77999878
2013-12-08, 21:43:14.527, 1022.74, 1, 1, 150.778717, 99.52700806, 42.79000092
2013-12-08, 21:43:15.527, 1023.74, 1, 1, 150.863266, 99.52600098, 42.79000092
2013-12-08, 21:43:16.532, 1024.75, 1, 1, 150.778717, 99.52700806, 42.79999924
2013-12-08, 21:43:17.532, 1025.75, 1, 1, 151.0323792, 99.52400208, 42.80999756
2013-12-08, 21:43:18.532, 1026.75, 1, 1, 150.863266, 99.52600098, 42.81999969
2013-12-08, 21:43:19.537, 1027.75, 1, 1, 150.6941681, 99.52800751, 42.80999756
2013-12-08, 21:43:20.527, 1028.74, 1, 1, 150.6096191, 99.52900696, 42.80999756
2013-12-08, 21:43:21.524, 1029.74, 1, 1, 150.863266, 99.52600098, 42.82999802
2013-12-08, 21:43:22.526, 1030.74, 1, 1, 150.778717, 99.52700806, 42.82999802
2013-12-08, 21:43:23.527, 1031.74, 1, 1, 150.6941681, 99.52800751, 42.84000015
2013-12-08, 21:43:24.527, 1032.74, 1, 1, 150.863266, 99.52600098, 42.84000015
2013-12-08, 21:43:25.530, 1033.75, 1, 1, 150.6941681, 99.52800751, 42.82999802
2013-12-08, 21:43:26.537, 1034.75, 1, 1, 150.778717, 99.52700806, 42.84000015
2013-12-08, 21:43:27.567, 1035.78, 1, 1, 150.863266, 99.52600098, 42.84999847
2013-12-08, 21:43:28.569, 1036.79, 1, 1, 150.9478302, 99.52500153, 42.84999847
2013-12-08, 21:43:29.558, 1037.77, 1, 1, 150.863266, 99.52600098, 42.86000061
2013-12-08, 21:43:30.559, 1038.78, 1, 1, 150.863266, 99.52600098, 42.86999893
2013-12-08, 21:43:32.558, 1040.77, 1, 1, 150.778717, 99.52700806, 42.87999725
2013-12-08, 21:43:33.563, 1041.78, 1, 1, 150.6941681, 99.52800751, 42.88999939
2013-12-08, 21:43:34.554, 1042.77, 1, 1, 150.6941681, 99.52800751, 42.88999939
2013-12-08, 21:43:35.555, 1043.77, 1, 1, 150.6941681, 99.52800751, 42.88999939
2013-12-08, 21:43:36.558, 1044.77, 1, 1, 150.6096191, 99.52900696, 42.89999771
2013-12-08, 21:43:38.546, 1046.76, 1, 1, 150.778717, 99.52700806, 42.88999939
2013-12-08, 21:43:39.559, 1047.78, 1, 1, 150.778717, 99.52700806, 42.88999939
2013-12-08, 21:43:40.556, 1048.77, 1, 1, 150.863266, 99.52600098, 42.91999817
2013-12-08, 21:43:41.544, 1049.76, 1, 1, 150.6941681, 99.52800751, 42.90999985
2013-12-08, 21:43:42.554, 1050.77, 1, 1, 150.440506, 99.53100586, 42.91999817
2013-12-08, 21:43:43.558, 1051.77, 1, 1, 150.6941681, 99.52800751, 42.91999817
2013-12-08, 21:43:44.483, 1052.7, 1, 1, 150.5250549, 99.53000641, 42.93000031
2013-12-08, 21:43:45.493, 1053.71, 1, 1, 150.778717, 99.52700806, 42.93999863
2013-12-08, 21:43:46.490, 1054.71, 1, 1, 150.863266, 99.52600098, 42.93999863
2013-12-08, 21:43:47.491, 1055.71, 1, 1, 150.778717, 99.52700806, 42.95000076
2013-12-08, 21:43:48.485, 1056.7, 1, 1, 150.6941681, 99.52800751, 42.95000076
2013-12-08, 21:43:49.488, 1057.7, 1, 1, 150.863266, 99.52600098, 42.95999908
2013-12-08, 21:43:50.493, 1058.71, 1, 1, 150.6941681, 99.52800751, 42.95999908
2013-12-08, 21:43:51.499, 1059.71, 1, 1, 150.778717, 99.52700806, 42.95000076
2013-12-08, 21:43:52.497, 1060.71, 1, 1, 150.778717, 99.52700806, 42.95999908
2013-12-08, 21:43:53.495, 1061.71, 1, 1, 150.6096191, 99.52900696, 42.96999741
2013-12-08, 21:43:54.526, 1062.74, 1, 1, 150.863266, 99.52600098, 42.96999741
2013-12-08, 21:43:55.531, 1063.75, 1, 1, 150.5250549, 99.53000641, 42.97999954
2013-12-08, 21:43:56.532, 1064.75, 1, 1, 151.0323792, 99.52400208, 42.97999954
2013-12-08, 21:43:57.543, 1065.76, 1, 1, 151.1169281, 99.52300262, 42.98999786
2013-12-08, 21:43:58.536, 1066.75, 1, 1, 151.0323792, 99.52400208,  43
2013-12-08, 21:43:59.530, 1067.75, 1, 1, 151.1169281, 99.52300262, 42.98999786
2013-12-08, 21:44:00.537, 1068.75, 1, 1, 150.863266, 99.52600098,  43
2013-12-08, 21:44:01.538, 1069.75, 1, 1, 151.0323792, 99.52400208, 43.00999832
2013-12-08, 21:44:02.536, 1070.75, 1, 1, 150.778717, 99.52700806, 43.00999832
2013-12-08, 21:44:03.531, 1071.75, 1, 1, 151.0323792, 99.52400208, 43.02000046
2013-12-08, 21:44:04.536, 1072.75, 1, 1, 150.863266, 99.52600098, 43.02000046
2013-12-08, 21:44:05.528, 1073.74, 1, 1, 150.6941681, 99.52800751, 43.02000046
2013-12-08, 21:44:06.543, 1074.76, 1, 1, 150.863266, 99.52600098, 43.02999878
2013-12-08, 21:44:07.537, 1075.75, 1, 1, 150.6096191, 99.52900696, 43.04000092
2013-12-08, 21:44:08.532, 1076.75, 1, 1, 150.9478302, 99.52500153, 43.04000092
2013-12-08, 21:44:09.537, 1077.75, 1, 1, 150.9478302, 99.52500153, 43.04000092
2013-12-08, 21:44:10.529, 1078.74, 1, 1, 150.863266, 99.52600098, 43.04999924
2013-12-08, 21:44:11.532, 1079.75, 1, 1, 151.0323792, 99.52400208, 43.04000092
2013-12-08, 21:44:12.477, 1080.69, 1, 1, 151.1169281, 99.52300262, 43.04999924
2013-12-08, 21:44:13.473, 1081.69, 1, 1, 151.0323792, 99.52400208, 43.05999756
2013-12-08, 21:44:14.471, 1082.69, 1, 1, 150.863266, 99.52600098, 43.04999924
2013-12-08, 21:44:15.468, 1083.68, 1, 1, 150.9478302, 99.52500153, 43.06999969
2013-12-08, 21:44:16.462, 1084.68, 1, 1, 150.9478302, 99.52500153, 43.06999969
2013-12-08, 21:44:17.465, 1085.68, 1, 1, 150.778717, 99.52700806, 43.07999802
2013-12-08, 21:44:18.467, 1086.68, 1, 1, 150.778717, 99.52700806, 43.07999802
2013-12-08, 21:44:19.471, 1087.69, 1, 1, 151.0323792, 99.52400208, 43.07999802
2013-12-08, 21:44:20.476, 1088.69, 1, 1, 150.9478302, 99.52500153, 43.09000015
2013-12-08, 21:44:21.475, 1089.69, 1, 1, 151.1169281, 99.52300262, 43.07999802
2013-12-08, 21:44:22.475, 1090.69, 1, 1, 150.9478302, 99.52500153, 43.09999847
2013-12-08, 21:44:23.483, 1091.7, 1, 1, 150.863266, 99.52600098, 43.11000061
2013-12-08, 21:44:24.478, 1092.69, 1, 1, 150.6941681, 99.52800751, 43.11000061
2013-12-08, 21:44:25.487, 1093.7, 1, 1, 150.863266, 99.52600098, 43.11000061
2013-12-08, 21:44:26.526, 1094.74, 1, 1, 150.9478302, 99.52500153, 43.09999847
2013-12-08, 21:44:27.531, 1095.75, 1, 1, 150.778717, 99.52700806, 43.11999893
2013-12-08, 21:44:28.537, 1096.75, 1, 1, 151.1169281, 99.52300262, 43.11999893
2013-12-08, 21:44:29.535, 1097.75, 1, 1, 151.1169281, 99.52300262, 43.12999725
2013-12-08, 21:44:30.526, 1098.74, 1, 1, 150.863266, 99.52600098, 43.13999939
2013-12-08, 21:44:31.541, 1099.76, 1, 1, 151.2014771, 99.52200317, 43.13999939
2013-12-08, 21:44:32.510, 1100.73, 1, 1, 150.9478302, 99.52500153, 43.13999939
2013-12-08, 21:44:33.535, 1101.75, 1, 1, 150.9478302, 99.52500153, 43.14999771
2013-12-08, 21:44:34.530, 1102.75, 1, 1, 151.1169281, 99.52300262, 43.14999771
2013-12-08, 21:44:35.510, 1103.73, 1, 1, 151.2014771, 99.52200317, 43.14999771
2013-12-08, 21:44:36.534, 1104.75, 1, 1, 150.863266, 99.52600098, 43.15999985
2013-12-08, 21:44:37.505, 1105.72, 1, 1, 150.9478302, 99.52500153, 43.16999817
2013-12-08, 21:44:38.522, 1106.74, 1, 1, 151.0323792, 99.52400208, 43.14999771
2013-12-08, 21:44:39.533, 1107.75, 1, 1, 151.0323792, 99.52400208, 43.16999817
2013-12-08, 21:44:40.534, 1108.75, 1, 1, 150.9478302, 99.52500153, 43.16999817
